pattern_id,pattern_name,liujing,clause,total_features,top_features
fj:GuiZhiTang,桂枝汤证,lj:Taiyang_Instance,【6.13】,8,zz:BiMing(9.6184); mx:Pulse_Huan(8.6184); zz:TouXiangQiangTong(6.811); zz:EFeng(6.2965); zz:EHan(6.159); zz:GanOu(5.7115); zz:HanChu(5.3705); zz:FaRe(5.2965)
fj:GuiZhiJiaGeGenTang,桂枝加葛根汤证,lj:Taiyang_Instance,【6.15】,3,zz:TouXiangQiangTong(6.811); zz:EFeng(6.2965); zz:HanChu(5.3705)
fj:GuiZhiJiaFuZiTang,桂枝加附子汤证,lj:Taiyang_Instance,【6.21】,5,zz:SiZhiJueNi(8.6184); jj:WaterRetention(7.6184); zz:EFeng(6.2965); zz:HanChu(5.3705); zz:XiaoBianBuLi(5.0948)
fj:GuiZhiQuShaoYaoTang,桂枝去芍药汤证,lj:Taiyang_Instance,【6.22】,3,mx:Pulse_Cu(9.6184); zz:EHan(6.159); zz:XiongMan(6.0334)
fj:GuiZhiMaHuangGeBanTang,桂枝麻黄各半汤证,lj:Taiyang_Instance,【6.24】,4,mx:Pulse_Huan(8.6184); zz:ShenTiTengTong(6.6184); zz:EHan(6.159); zz:FaRe(5.2965)
fj:GuiZhiErMaHuangYiTang,桂枝二麻黄一汤证,lj:Taiyang_Instance,【6.26】,4,mx:Pulse_Hong(7.6184); zz:EHan(6.159); zz:HanChu(5.3705); zz:FaRe(5.2965)
fj:GuiZhiQuGuiJiaFuLingBaiZhuTang,桂枝去桂加茯苓白术汤证,lj:Taiyang_Instance,【6.29】,6,jj:WaterRetention(7.6184); zz:TouXiangQiangTong(6.811); zz:WuHan(6.811); zz:FaRe(5.2965); zz:XinXiaPi(5.2261); zz:XiaoBianBuLi(5.0948)
fj:MaHuangTang,麻黄汤证,lj:Taiyang_Instance,【7.4】,7,mx:Pulse_Jin(9.6184); zz:WuHan(6.811); zz:TouXiangQiangTong(6.811); zz:ShenTiTengTong(6.6184); zz:EHan(6.159); zz:KeNi(5.811); zz:FaRe(5.2965)
fj:GeGenTang,葛根汤证,lj:Taiyang_Instance,【7.1】,3,zz:WuHan(6.811); zz:TouXiangQiangTong(6.811); zz:EHan(6.159)
fj:GeGenJiaBanXiaTang,葛根加半夏汤证,lj:Taiyang_Instance,【7.2】,4,zz:WuHan(6.811); zz:TouXiangQiangTong(6.811); zz:EHan(6.159); zz:GanOu(5.7115)
fj:GeGenHuangQinHuangLianTang,葛根芩连汤证,lj:Taiyang_Instance,【7.3】,7,mx:Pulse_Shu(9.6184); sx:TaiBaiFu(9.6184); sx:SheJiang(8.6184); jj:Re(8.0334); zz:ZiLi(6.6184); zz:ShenRe(6.4485); zz:HanChu(5.3705)
fj:DaQingLongTang,大青龙汤证,lj:Taiyang_Instance,【7.7】,6,mx:Pulse_Fu_Jin(9.6184); zz:FanZao(7.6184); zz:WuHan(6.811); zz:ShenTiTengTong(6.6184); zz:EHan(6.159); zz:FaRe(5.2965)
fj:XiaoQingLongTang,小青龙汤证,lj:Taiyang_Instance,【7.9】,6,jj:WaterRetention(7.6184); zz:KeNi(5.811); zz:KeNi(5.811); zz:GanOu(5.7115); zz:FaRe(5.2965); zz:XiaoBianBuLi(5.0948)
fj:WuLingSan,五苓散证,lj:Taiyang_Instance,jj:WaterRetention,4,zz:KeErYuYin(9.6184); mx:Pulse_Fu(5.9179); zz:FaRe(5.2965); zz:XiaoBianBuLi(5.0948)
fj:TaoHeChengQiTang,桃核承气汤证,lj:Taiyang_Instance,【7.78】,3,zz:RuKuang(9.6184); zz:ShaoFuJiJie(8.6184); jj:BloodStasis(8.6184)
fj:DiDangTang,抵当汤证,lj:Taiyang_Instance,jj:BloodStasis,3,zz:ShaoFuJiJie(8.6184); mx:Pulse_Chen(5.7115); zz:FaRe(5.2965)
fj:DiDangWan,抵当丸证,lj:Taiyang_Instance,【7.98】,3,zz:ShaoFuMan(9.6184); jj:BloodStasis(8.6184); zz:XiaoBianZiLi(8.0334)
fj:DaXianXiongTang,大陷胸汤证,lj:Taiyang_Instance,【8.13】,5,mx:Pulse_Chen_Jin(9.6184); zz:FuManJuAn(8.0334); zz:WuHan(6.811); zz:ShenRe(6.4485); zz:XinXiaPi(5.2261)
fj:BaiHuTang,白虎汤证,lj:Yangming_Instance,【8.52】,5,zz:BuEhanFanEre(9.6184); zz:DaKe(8.0334); mx:Pulse_Hong(7.6184); zz:ShenRe(6.4485); zz:HanChu(5.3705)
fj:BaiHuJiaRenShenTang,白虎加人参汤证,lj:Yangming_Instance,【8.46】,7,zz:BeiWeiEHan(9.6184); sx:SheJiang(8.6184); zz:DaKe(8.0334); zz:FanZao(7.6184); mx:Pulse_Hong(7.6184); zz:ShenRe(6.4485); zz:HanChu(5.3705)
fj:TiaoWeiChengQiTang,调胃承气汤证,lj:Yangming_Instance,【9.30】,3,zz:DaBianNan(8.6184); zz:XinFan(7.0334); zz:ShenRe(6.4485)
fj:XiaoChengQiTang,小承气汤证,lj:Yangming_Instance,jj:FoodStagnation,4,mx:Pulse_Hua(9.6184); zz:ZhanYu(7.6184); zz:DaBianYing(7.6184); zz:HanChu(5.3705)
fj:DaChengQiTang,大承气汤证,lj:Yangming_Instance,jj:FoodStagnation,6,zz:ShouZuJiRanHanChu(9.6184); mx:Pulse_Chi(9.6184); zz:DaBianNan(8.6184); zz:FuManJuAn(8.0334); zz:ChaoRe(7.6184); zz:ZhanYu(7.6184)
fj:MaZiRenWan,麻子仁丸证,lj:Yangming_Instance,【9.71】,3,zz:XiaoBianShu(9.6184); mx:Pulse_Fu_Se(9.6184); zz:DaBianYing(7.6184)
fj:MiJianDao,蜜煎导方,lj:Yangming_Instance,【9.57】,1,zz:DaBianYing(7.6184)
fj:ZhiZiChiTang,栀子豉汤证,lj:Yangming_Instance,【9.52】,5,zz:JianAn(9.6184); sx:SheShangTaiHua(9.6184); zz:XinZhongAoNong(8.0334); zz:XuFan(8.0334); zz:HanChu(5.3705)
fj:YinChenHaoTang,茵陈蒿汤证,lj:Yangming_Instance,【9.83】,4,jj:Re(8.0334); zz:HuangDan(6.0334); zz:FuMan(5.6184); zz:XiaoBianBuLi(5.0948)
fj:ZhiZiBoPiTang,栀子柏皮汤证,lj:Yangming_Instance,【9.84】,3,jj:Re(8.0334); zz:HuangDan(6.0334); zz:FaRe(5.2965)
fj:MaHuangLianQiaoChiXiaoDouTang,麻黄连轺赤小豆汤证,lj:Yangming_Instance,【9.85】,4,jj:Shi(8.6184); zz:ShenRe(6.4485); zz:HuangDan(6.0334); zz:XiaoBianBuLi(5.0948)
fj:XiaoChaiHuTang,小柴胡汤证,lj:Shaoyang_Instance,【7.68】,8,zz:MomoBuYuYinShi(9.6184); zz:XinFanXiOu(9.6184); zz:YanGan(9.6184); zz:KouKu(8.6184); mx:Pulse_Xian(8.6184); zz:XiongXieKuMan(8.0334); zz:MuXuan(8.0334); zz:WangLaiHanRe(7.2965)
pattern_id,pattern_name,liujing,clause,4,symptom_list(7.0334); pulse_list(7.0334); tongue_list(7.0334); jianjia_list(7.0334)
fj:DaChaiHuTang,大柴胡汤证,lj:Shaoyang_Instance,【7.75】,5,jj:QiStagnation(9.6184); zz:FuManJuAn(8.0334); zz:ChaoRe(7.6184); zz:GanOu(5.7115); zz:XinXiaPi(5.2261)
fj:ChaiHuJiaMangXiaoTang,柴胡加芒硝汤证,lj:Shaoyang_Instance,【7.76】,3,zz:XiongXieKuMan(8.0334); zz:ChaoRe(7.6184); zz:GanOu(5.7115)
fj:ChaiHuJiaLongGuMuLiTang,柴胡加龙骨牡蛎汤证,lj:Shaoyang_Instance,【7.79】,6,zz:JingKong(8.6184); zz:FanZao(7.6184); zz:ZhanYu(7.6184); zz:ShenTiTengTong(6.6184); zz:XiongMan(6.0334); zz:XiaoBianBuLi(5.0948)
fj:GuiZhiQuShaoYaoJiaMuLiLongGuJiuNiTang,桂枝去芍药加牡蛎龙骨救逆汤证,lj:Taiyang_Instance,【7.84】,2,zz:JingKuang(9.6184); zz:WoQiBuAn(8.6184)
fj:GuiZhiJiaGuiTang,桂枝加桂汤证,lj:Taiyang_Instance,【7.90】,1,zz:QiCongShaoFuShangChongXin(9.6184)
fj:GuiZhiGanCaoLongGuMuLiTang,桂枝甘草龙骨牡蛎汤证,lj:Taiyang_Instance,【7.91】,1,zz:FanZao(7.6184)
fj:DaXianXiongWan,大陷胸丸证,lj:Taiyang_Instance,【8.9】,2,zz:RouJing(9.6184); zz:TouXiangQiangTong(6.811)
fj:XiaoXianXiongTang,小陷胸汤证,lj:Taiyang_Instance,【8.17】,3,zz:AnZhiZeTong(9.6184); mx:Pulse_Fu_Hua(9.6184); zz:XinXiaPi(5.2261)
fj:WenHaSan,文蛤散证,lj:Taiyang_Instance,【8.20】,3,zz:RouShangSuQi(9.6184); zz:YiYuYinShui(9.6184); zz:FanBuKe(9.6184)
fj:BaiSan,白散证,lj:Taiyang_Instance,【8.20】,2,zz:HanShiJieXiong(9.6184); zz:WuReZheng(9.6184)
fj:ChaiHuGuiZhiTang,柴胡桂枝汤证,lj:Shaoyang_Instance,【8.25】,5,zz:WeiEHan(9.6184); zz:ShenTiTengTong(6.6184); zz:GanOu(5.7115); zz:FaRe(5.2965); zz:XinXiaPi(5.2261)
fj:ChaiHuGuiZhiGanJiangTang,柴胡桂枝干姜汤证,lj:Shaoyang_Instance,【8.26】,6,zz:KeErBuYuYin(9.6184); zz:DanTouHanChu(8.6184); zz:XiongXieKuMan(8.0334); zz:WangLaiHanRe(7.2965); zz:XinFan(7.0334); zz:XiaoBianBuLi(5.0948)
fj:BanXiaXieXinTang,半夏泻心汤证,lj:Shaoyang_Instance,【8.28】,3,zz:ZiLi(6.6184); zz:GanOu(5.7115); zz:XinXiaPi(5.2261)
fj:ShiZaoTang,十枣汤证,lj:Taiyang_Instance,【8.31】,5,zz:TouTong(8.0334); jj:WaterRetention(7.6184); zz:GanOu(5.7115); zz:HanChu(5.3705); zz:XinXiaPi(5.2261)
fj:DaHuangHuangLianHuangQinXieXinTang,大黄黄连黄芩泻心汤证,lj:Taiyang_Instance,【8.33】,3,mx:Pulse_GuanShangFuDa(9.6184); zz:AnZhiRu(8.6184); zz:XinXiaPi(5.2261)
fj:FuZiXieXinTang,附子泻心汤证,lj:Taiyang_Instance,【8.34】,3,zz:EHan(6.159); zz:HanChu(5.3705); zz:XinXiaPi(5.2261)
fj:ShengJiangXieXinTang,生姜泻心汤证,lj:Taiyang_Instance,【8.36】,5,zz:ShiFu(9.6184); zz:XieXiaYouShuiQi(9.6184); zz:ZiLi(6.6184); zz:GanOu(5.7115); zz:XinXiaPi(5.2261)
fj:GanCaoXieXinTang,甘草泻心汤证,lj:Taiyang_Instance,【8.37】,4,zz:XinFan(7.0334); zz:ZiLi(6.6184); zz:GanOu(5.7115); zz:XinXiaPi(5.2261)
fj:ChiShiZhiYuYuLiangTang,赤石脂禹余粮汤证,lj:Taiyang_Instance,【8.38】,2,zz:ZiLi(6.6184); zz:XinXiaPi(5.2261)
fj:XuanFuDaiZheTang,旋覆代赭汤证,lj:Taiyang_Instance,【8.40】,2,zz:YiQi(9.6184); zz:XinXiaPi(5.2261)
fj:GuiZhiRenShenTang,桂枝人参汤证,lj:Taiyang_Instance,【8.41】,2,zz:ZiLi(6.6184); zz:XinXiaPi(5.2261)
fj:GuaDiSan,瓜蒂散证,lj:Taiyang_Instance,【8.44】,3,zz:XiongZhongPi(9.6184); zz:QiShangChongYanHou(9.6184); zz:BuDeXi(9.6184)
fj:HuangQinTang,黄芩汤证,lj:Shaoyang_Instance,【8.50】,1,zz:ZiLi(6.6184)
fj:HuangQinJiaBanXiaShengJiangTang,黄芩加半夏生姜汤证,lj:Shaoyang_Instance,【8.50】,2,zz:ZiLi(6.6184); zz:GanOu(5.7115)
fj:HuangLianTang,黄连汤证,lj:Taiyang_Instance,【8.51】,2,zz:YuOu(7.6184); zz:FuTong(5.2965)
fj:ZhiGanCaoTang,炙甘草汤证,lj:Taiyang_Instance,【8.53】,2,zz:XinDongJi(9.6184); mx:Pulse_Jie(9.6184)
fj:BaiMiJian,白蜜煎证,lj:Yangming_Instance,【9.56】,3,zz:TouTong(8.0334); zz:ChaoRe(7.6184); zz:DuanQi(6.811)
fj:ZhuDanZhiDao,猪胆汁导证,lj:Yangming_Instance,【9.57】,2,zz:JinYeNeiJie(9.6184); zz:DaBianYing(7.6184)
fj:WuZhuYuTang,吴茱萸汤证（阳明）,lj:Yangming_Instance,【9.67】,1,zz:ShiGuYuOu(9.6184)
fj:XiaoBanXiaTang,小半夏汤证,lj:Yangming_Instance,【9.67】,1,zz:Ou(8.0334)
pattern_id,pattern_name,liujing,clause,4,symptom_list(7.0334); pulse_list(7.0334); tongue_list(7.0334); jianjia_list(7.0334)
fj:ZhiZiDaHuangTang,栀子大黄汤证,lj:Yangming_Instance,【9.87】,5,zz:ReTong(8.6184); jj:Shi(8.6184); zz:XinZhongAoNong(8.0334); zz:HuangDan(6.0334); zz:FaRe(5.2965)
fj:ZhuGaoFaJian,猪膏发煎证,lj:Yangming_Instance,【9.88】,3,zz:JinYeKuZao(8.6184); zz:SeAnBuMing(8.6184); zz:HuangDan(6.0334)
fj:DaHuangXiaoShiTang,大黄硝石汤证,lj:Yangming_Instance,【9.89】,4,zz:ZiHan(8.0334); zz:HuangDan(6.0334); zz:FuMan(5.6184); zz:XiaoBianBuLi(5.0948)
fj:GuiZhiJiaHuangQiTang,桂枝加黄芪汤证,lj:Taiyang_Instance,【9.92】,4,zz:LiangJingLeng(9.6184); zz:YaoYiShangHanChu(9.6184); zz:YaoKuiChiTong(8.0334); zz:HuangHan(7.2965)
fj:XiaoJianZhongTang,小建中汤证（阳明）,lj:Yangming_Instance,【9.93】,4,zz:XuLaoLiJi(9.6184); zz:XiaoBianZiLi(8.0334); zz:HuangDan(6.0334); zz:FuTong(5.2965)
fj:LiZhongTang,理中汤证（阳明）,lj:Yangming_Instance,【9.98】,2,zz:FuTongRaoQi(9.6184); zz:GuQiBuXing(9.6184)
fj:HouPoQiWuTang,厚朴七物汤证,lj:Yangming_Instance,,4,【9.99】(9.6184); zz:YinShiRuGu(8.6184); zz:FuMan(5.6184); zz:FaRe(5.2965)
fj:FuZiJingMiTang,附子粳米汤证,lj:Taiyin_Instance,【9.100】,4,zz:FuZhongQieTong(8.0334); zz:LeiMing(8.0334); zz:NiMan(8.0334); zz:OuTu(6.6184)
fj:DaJianZhongTang,大建中汤证,lj:Taiyin_Instance,【9.101】,4,zz:YouWuTuQi(9.6184); zz:TongBuKeJin(9.6184); zz:FuZhongHanTong(8.0334); zz:OuBuNengShi(7.6184)
fj:DaHuangFuZiXiXinTang,大黄附子细辛汤证,lj:Taiyin_Instance,,4,【9.102】(9.6184); zz:XieXiaPianTong(8.0334); zz:FaWeiRe(8.0334); zz:FuMan(5.6184)
fj:ChaiHuShaoYaoZhiShiGanCaoTang,柴胡芍药枳实甘草汤证,lj:Shaoyang_Instance,,4,zz:QiShangNi(9.6184); zz:XieXiaTong(9.6184); 【10.5】(9.6184); zz:OuNi(8.6184)
fj:GuiZhiJiaShaoYaoTang,桂枝加芍药汤证,lj:Taiyin_Instance,,2,zz:FuManShiTong(9.6184); 【10.17】(8.6184)
fj:GuiZhiJiaDaHuangTang,桂枝加大黄汤证,lj:Taiyin_Instance,,2,zz:DaShiTong(9.6184); 【10.17】(8.6184)
fj:BaiZhuZhiShiGanJiangBaiMiTang,白术枳实干姜白蜜汤证,lj:Taiyin_Instance,,3,zz:DaBianFanYing(9.6184); zz:FuZhongZhangMan(9.6184); 【10.19】(8.6184)
fj:HuangQiWuWuJiaGanJiangBanXiaTang,黄芪五物加干姜半夏汤证,lj:Taiyin_Instance,,2,【10.19】(8.6184); zz:DuanQi(6.811)
fj:BanXiaFuLingTang,半夏茯苓汤证,lj:Taiyin_Instance,,3,zz:KeYuYinShui(9.6184); zz:YinShuiJiTu(9.6184); 【10.20】(9.6184)
fj:RenShenBaiZhuShaoYaoGanCaoTang,人参白术芍药甘草汤证,lj:Taiyin_Instance,,3,zz:KouKe(9.6184); 【10.21】(9.6184); zz:XiaLi(5.7115)
fj:HouPoSiWuTang,厚朴四物汤证,lj:Taiyin_Instance,,2,zz:FuDaErZhang(9.6184); 【10.22】(9.6184)
fj:LiZhongJiaHuangQiTang,理中加黄芪汤证,lj:Taiyin_Instance,,2,zz:YiShiWuDu(9.6184); 【10.23】(9.6184)
fj:GuiZhiQuShaoYaoJiaFuLingBaiZhuTang,桂枝去芍药加茯苓白术汤证,lj:Taiyin_Instance,,3,zz:YuTuBuTu(9.6184); zz:XiaLiShiShu(9.6184); 【10.24】(9.6184)
fj:XiaoChaiHuJiaFuLingBaiZhuTang,小柴胡加茯苓白术汤证,lj:Taiyin_Instance,,4,zz:TuNi(9.6184); zz:FuZhongLengTong(9.6184); zz:LeiMingXiaLi(9.6184); 【10.25】(9.6184)
fj:HouPoZhiShiBaiZhuGanCaoTang,厚朴枳实白术甘草汤证,lj:Taiyin_Instance,,3,zz:YouSuShi(9.6184); zz:DaBianTang(9.6184); 【10.26】(9.6184)
fj:MaHuangFuZiXiXinTang,麻黄附子细辛汤证,lj:Shaoyin_Instance,,3,【11.21】(9.6184); zz:EHan(6.159); zz:FaRe(5.2965)
fj:MaHuangFuZiGanCaoTang,麻黄附子甘草汤证,lj:Shaoyin_Instance,,2,zz:WeiFaRe(9.6184); 【11.22】(9.6184)
fj:HuangLianEJiaoTang,黄连阿胶汤证,lj:Shaoyin_Instance,,3,【11.23】(9.6184); zz:BuDeWo(8.0334); zz:XinFan(7.0334)
fj:FuZiTang,附子汤证,lj:Shaoyin_Instance,,5,zz:ShenTiTong(9.6184); zz:ShouZuHan(9.6184); zz:GuJieTong(9.6184); zz:BeiEHan(9.6184); 【11.24】(9.6184)
fj:DangGuiSiNiTang,当归四逆汤证,lj:Shaoyin_Instance,,2,zz:ShenTongRuChe(9.6184); 【11.26】(9.6184)
fj:TaoHuaTang,桃花汤证,lj:Shaoyin_Instance,,2,zz:XiaLiBianNongXue(9.6184); 【11.27】(9.6184)
fj:ZhuFuTang,猪肤汤证,lj:Shaoyin_Instance,,5,【11.31】(9.6184); zz:YanTong(7.6184); zz:XinFan(7.0334); zz:XiongMan(6.0334); zz:XiaLi(5.7115)
fj:JieGengTang,桔梗汤证,lj:Shaoyin_Instance,,2,【11.32】(9.6184); zz:YanZhongTong(8.6184)
pattern_id,pattern_name,liujing,clause,4,symptom_list(7.0334); pulse_list(7.0334); tongue_list(7.0334); jianjia_list(7.0334)
fj:KuJiuTang,苦酒汤证,lj:Shaoyin_Instance,【11.33】,5,zz:YanZhongShang(9.6184); zz:ShengChuang(9.6184); zz:TongYinHouPang(9.6184); zz:ShiYin(9.6184); zz:ShengBuChu(9.6184)
fj:BanXiaSanJiTang,半夏散及汤证,lj:Shaoyin_Instance,【11.34】,1,zz:YanZhongTong(8.6184)
fj:BaiTongTang,白通汤证,lj:Shaoyin_Instance,【11.35】,1,zz:XiaLi(5.7115)
fj:BaiTongJiaZhuDanZhiTang,白通加猪胆汁汤证,lj:Shaoyin_Instance,【11.36】,4,zz:LiBuZhi(9.6184); zz:JueNiWuMai(9.6184); zz:GanOuFan(9.6184); zz:XiaLi(5.7115)
fj:ZhenWuTang,真武汤证,lj:Shaoyin_Instance,【11.37】,4,zz:SiZhiChenZhong(9.6184); zz:ZiXiaLi(9.6184); zz:FuTong(5.2965); zz:XiaoBianBuLi(5.0948)
fj:TongMaiSiNiTang,通脉四逆汤证（少阴）,lj:Shaoyin_Instance,【11.38】,6,zz:XiaLiQingGu(9.6184); zz:LiHanWaiRe(9.6184); zz:MaiWeiYuJue(9.6184); zz:ShenFanBuEHAN(9.6184); zz:ShouZuJueNi(8.6184); zz:MianChi(8.6184)
fj:SiNiSan,四逆散证,lj:Shaoyin_Instance,【11.39】,6,zz:Ji(9.6184); zz:XieLiXiaZhong(9.6184); zz:SiZhiJueNi(8.6184); zz:Ke(5.811); zz:FuTong(5.2965); zz:XiaoBianBuLi(5.0948)
fj:ZhuLingTang,猪苓汤证（少阴）,lj:Shaoyin_Instance,【11.40】,5,zz:XinFanBuDeMian(9.6184); zz:Ou(8.0334); zz:Ke(5.811); zz:Ke(5.811); zz:XiaLi(5.7115)
fj:DaChengQiTang_JiXia,大承气汤证（少阴急下）,lj:Shaoyin_Instance,【11.41】,1,zz:KouZaoYanGan(9.6184)
fj:DaChengQiTang_ZiLiQingShui,大承气汤证（少阴自利清水）,lj:Shaoyin_Instance,【11.42】,3,zz:ZiLiQingShui(9.6184); zz:XinXiaBiTong(9.6184); zz:KouGanZao(9.6184)
fj:DaChengQiTang_ZhangMan,大承气汤证（少阴腹胀）,lj:Shaoyin_Instance,【11.43】,1,zz:FuZhang(8.0334)
fj:SiNiTang_JiWen,四逆汤证（少阴脉沉）,lj:Shaoyin_Instance,【11.44】,1,zz:MaiChen(8.0334)
fj:WuMeiWan,乌梅丸证,lj:Jueyin_Instance,【11.47】,6,zz:QiShangZhuangXin(9.6184); zz:XinZhongTengRe(9.6184); zz:JiErBuYuShi(9.6184); zz:ShiZeTuHui(9.6184); mx:Pulse_Xian(8.6184); zz:XiaoKe(7.2965)
fj:DangGuiSiNiJiaRenShenFuZiTang,当归四逆加人参附子汤证,lj:Jueyin_Instance,【11.72】,1,zz:ShouZuJueNi(8.6184)
fj:DangGuiSiNiJiaWuZhuYuShengJiangFuZiTang,当归四逆加吴茱萸生姜附子汤证,lj:Jueyin_Instance,【11.72】,1,zz:NeiYouJiuHan(9.6184)
fj:SiNiTang_Jueyin,四逆汤证（厥阴）,lj:Jueyin_Instance,【11.73】,6,zz:DaHanChu(9.6184); zz:ReBuQu(9.6184); zz:NeiJuJi(9.6184); zz:SiZhiTeng(9.6184); zz:JueNiErEHAN(9.6184); zz:XiaLi(5.7115)
fj:GuaDiSan_Jueyin,瓜蒂散证（厥阴）,lj:Jueyin_Instance,【11.75】,4,zz:XinXiaMan(9.6184); zz:Fan(9.6184); zz:JiBuNengShi(9.6184); zz:ShouZuJueLeng(7.6184)
fj:FuLingGanCaoTang,茯苓甘草汤证（厥阴）,lj:Jueyin_Instance,【11.76】,1,zz:JueErXinXiaJi(8.6184)
fj:RenShenFuZiTang,人参附子汤证,lj:Jueyin_Instance,【11.77】,3,zz:YiXia(9.6184); zz:TuNongXue(9.6184); zz:YanHouBuLi(8.0334)
fj:MaHuangShengMaTang,麻黄升麻汤证,lj:Jueyin_Instance,【11.79】,2,zz:HanGe(9.6184); zz:TuXia(9.6184)
fj:GanJiangHuangQinHuangLianRenShenTang,干姜黄芩黄连人参汤证,lj:Jueyin_Instance,【11.79】,1,zz:ShiRuKouJiTu(8.0334)
fj:BaiTouWengTang,白头翁汤证（厥阴）,lj:Jueyin_Instance,【11.91】,2,zz:XiaZhong(9.6184); zz:ReLi(7.6184)
fj:BaiTouWengJiaEJiaoGanCaoTang,白头翁加阿胶甘草汤证,lj:Jueyin_Instance,【11.92】,2,zz:XuJi(9.6184); zz:XiaLi(5.7115)
fj:XiaoChengQiTang_Jueyin,小承气汤证（厥阴）,lj:Jueyin_Instance,【11.95】,2,zz:ZhanYu(7.6184); zz:XiaLi(5.7115)
fj:ZhiZiChiTang_Jueyin,栀子豉汤证（厥阴）,lj:Jueyin_Instance,【11.96】,3,zz:GengFan(9.6184); zz:AnZhiXinXiaRu(9.6184); zz:XiaLi(5.7115)
fj:ZiCanTang,紫参汤证,lj:Jueyin_Instance,【11.97】,2,zz:XiaLi(5.7115); zz:FuTong(5.2965)
fj:HeLiLeSan,诃黎勒散证,lj:Jueyin_Instance,【11.98】,1,zz:QiLi(9.6184)
fj:JuPiTang,橘皮汤证,lj:Jueyin_Instance,【11.108】,2,zz:ShouZuJue(8.0334); zz:GanOu(5.7115)
fj:JuPiZhuRuTang,橘皮竹茹汤证,lj:Jueyin_Instance,【11.109】,2,zz:NiNi(8.0334); zz:Xu(8.0334)
fj:XiaoBanXiaTang_ZhuOu,小半夏汤证（诸呕）,lj:Jueyin_Instance,【11.110】,2,zz:ZhuOu(8.0334); zz:GuBuDeXia(8.0334)
fj:HuangLianFuLingTang,黄连茯苓汤证,lj:Jueyin_Instance,【11.111】,2,zz:BianNongXue(9.6184); zz:ChuanWeiWeiBing(9.6184)
fj:GanCaoFenMiTang,甘草粉蜜汤证,lj:Jueyin_Instance,【11.112】,4,zz:TuOuXianMo(9.6184); zz:XinTong(9.6184); zz:FaZuoYouShi(9.6184); zz:FuTong(5.2965)
fj:DaWuTouJian,大乌头煎证,lj:Jueyin_Instance,【11.113】,3,zz:RaoQiErTong(8.0334); zz:ShouZuJueLeng(7.6184); zz:HanShan(6.2965)
fj:DangGuiShengJiangYangRouTang,当归生姜羊肉汤证,lj:Jueyin_Instance,【11.114】,3,zz:XieTongLiJi(8.0334); zz:FuZhongTong(7.0334); zz:HanShan(6.2965)
fj:WuTouGuiZhiTang,乌头桂枝汤证,lj:Jueyin_Instance,【11.115】,5,zz:ShouZuBuRen(8.0334); zz:NiLeng(8.0334); zz:FuZhongTong(7.0334); zz:ShenTiTengTong(6.6184); zz:HanShan(6.2965)
fj:ZhiZhuSan,蜘蛛散证,lj:Jueyin_Instance,【11.116】,3,zz:PianYouDaXiao(8.6184); zz:ShiYouShangXia(8.6184); zz:GuShan(8.0334)
fj:ShenQiWan,肾气丸证,lj:Shaoyin_Instance,【11.119】,3,zz:XiaoBianDuo(9.6184); zz:YinDouYiDou(9.6184); zz:XiaoKe(7.2965)
fj:WuLingSan_XiaoKe,五苓散证（消渴）,lj:Taiyang_Instance,【11.120】,2,zz:XiaoKe(7.2965); zz:XiaoBianBuLi(5.0948)
fj:FuLingZeXieTang,茯苓泽泻汤证,lj:Taiyang_Instance,【11.121】,2,zz:WeiFanErTu(9.6184); zz:XiaoKe(7.2965)
fj:WenHaTang,文蛤汤证,lj:Taiyang_Instance,【11.122】,2,zz:ShiBuXiuXi(9.6184); zz:XiaoKe(7.2965)
fj:GuaLouGuiZhiTang,栝楼桂枝汤证,lj:Taiyang_Instance,【金匮2-11】,3,zz:ShenTiQiangJiJi(9.6184); zz:Ren(9.6184); mx:Pulse_Chen_Chi(9.6184)
fj:GeGenTang_JinKui,葛根汤证（金匮）,lj:Taiyang_Instance,,5,zz:XiaoBianFanShao(9.6184); zz:KouJinBuDeYu(9.6184); 【金匮2-12】(9.6184); zz:QiShangChongXiong(8.0334); zz:WuHan(6.811)
fj:DaChengQiTang_JinKui,大承气汤证（金匮）,lj:Yangming_Instance,,6,zz:KouJin(9.6184); zz:WoBuZhaoXi(9.6184); zz:JiaoLuanJi(9.6184); zz:JieChi(9.6184); 【金匮2-13】(9.6184); zz:XiongMan(6.0334)
fj:MaHuangJiaZhuTang,麻黄加术汤证,lj:Taiyang_Instance,,2,zz:ShenFanTeng(9.6184); 【金匮2-20】(9.6184)
fj:MaHuangXingRenYiYiGanCaoTang,麻黄杏仁薏苡甘草汤证,lj:Taiyang_Instance,,4,zz:ShenYiShenTeng(9.6184); zz:RiBuSuoJu(9.6184); 【金匮2-21】(9.6184); zz:FaRe(5.2965)
fj:FangJiHuangQiTang,防己黄芪汤证,lj:Taiyang_Instance,【金匮2-22】,4,zz:FuShenZhong(9.6184); zz:EFeng(6.2965); mx:Pulse_Fu(5.9179); zz:HanChu(5.3705)
fj:GuiZhiFuZiTang,桂枝附子汤证,lj:Taiyang_Instance,【金匮2-23】,5,zz:BuNengZiZhuanCe(9.6184); zz:BuOu(9.6184); BuKe(9.6184); zz:ShenTiTengFan(8.6184); mx:Pulse_FuXuErSe(8.6184)
fj:BaiZhuFuZiTang,白术附子汤证,lj:Taiyang_Instance,【金匮2-23】,4,zz:ShenTiTengFan(8.6184); mx:Pulse_FuXuErSe(8.6184); zz:DaBianJian(8.0334); zz:XiaoBianZiLi(8.0334)
fj:GanCaoFuZiTang,甘草附子汤证,lj:Taiyang_Instance,,7,zz:CheTong(9.6184); 【金匮2-24】(9.6184); zz:GuJieTengFan(8.6184); zz:DuanQi(6.811); zz:EFeng(6.2965); zz:HanChu(5.3705); zz:XiaoBianBuLi(5.0948)
fj:BaiHuJiaRenShenTang_JinKui,白虎加人参汤证（金匮）,lj:Yangming_Instance,【金匮2-26】,5,mx:Pulse_Hong(7.6184); zz:ShenRe(6.4485); zz:EFeng(6.2965); zz:Ke(5.811); zz:HanChu(5.3705)
fj:YiWuGuaDiTang,一物瓜蒂汤证,lj:Taiyang_Instance,【金匮2-27】,3,zz:TengZhong(9.6184); mx:Pulse_WeiRuo(8.6184); zz:ShenRe(6.4485)
fj:BaiHeZhiMuTang,百合知母汤证,lj:Taiyang_Instance,,2,【金匮3-1】(9.6184); zz:BaiHeBing(6.811)
fj:BaiHeHuaShiDaiZheTang,百合滑石代赭汤证,lj:Taiyang_Instance,,2,【金匮3-2】(9.6184); zz:BaiHeBing(6.811)
fj:BaiHeJiZiHuangTang,百合鸡子黄汤证,lj:Taiyang_Instance,,2,【金匮3-3】(9.6184); zz:BaiHeBing(6.811)
fj:BaiHeDiHuangTang,百合地黄汤证,lj:Taiyang_Instance,【金匮3-5】,4,zz:XiaoBianChi(9.6184); mx:Pulse_WeiShu(9.6184); zz:KouKu(8.6184); zz:BaiHeBing(6.811)
fj:BaiHeXiFang,百合洗方证,lj:Taiyang_Instance,,3,BianChengKe(8.6184); 【金匮3-6】(8.6184); zz:BaiHeBing(6.811)
fj:GuaLouMuLiSan,栝蒌牡蛎散证,lj:Taiyang_Instance,,3,BianChengKe(8.6184); 【金匮3-6】(8.6184); zz:BaiHeBing(6.811)
fj:BaiHeHuaShiSan,百合滑石散证,lj:Taiyang_Instance,,3,BianFaRe(9.6184); 【金匮3-7】(9.6184); zz:BaiHeBing(6.811)
fj:GanCaoXieXinTang_JinKui,甘草泻心汤证（金匮）,lj:Taiyang_Instance,,5,zz:ShengGa(9.6184); zz:MuBuDeBi(9.6184); zz:WoQiBuAn(8.6184); zz:HuHuoBing(8.0334); 【金匮3-10】(8.0334)
fj:KuShenTang,苦参汤方证,lj:Taiyang_Instance,,4,ShiYuXiaBu(9.6184); YanGan(9.6184); zz:HuHuoBing(8.0334); 【金匮3-10】(8.0334)
fj:XiongHuangSan,雄黄散方证,lj:Taiyang_Instance,,3,ShiYuGang(9.6184); zz:HuHuoBing(8.0334); 【金匮3-10】(8.0334)
fj:ChiXiaoDouDangGuiSan,赤小豆当归散证,lj:Taiyang_Instance,,4,zz:MuChiRuJiuYan(9.6184); zz:MuSiJieHei(9.6184); 【金匮3-13】(9.6184); zz:NengShi(8.6184)
fj:ShengMaBieJiaTang,升麻鳖甲汤证,lj:Taiyang_Instance,,4,zz:MianChiBanBanRuJinWen(9.6184); zz:TuoNongXue(9.6184); 【金匮3-14】(9.6184); zz:YanHouTong(8.6184)
fj:ShengMaBieJiaQuXiongHuangShuJiaoTang,升麻鳖甲去雄黄蜀椒汤证,lj:Taiyang_Instance,,4,zz:MianMuQing(9.6184); zz:ShenTongRuBeiZhang(9.6184); 【金匮3-15】(9.6184); zz:YanHouTong(8.6184)
fj:BieJiaJianWan,鳖甲煎丸证,lj:Shaoyang_Instance,,2,zz:NueMu(9.6184); 【金匮4-2】(9.6184)
fj:BaiHuJiaGuiZhiRenShenTang,白虎加桂枝人参汤证,lj:Yangming_Instance,,6,zz:DanRe(9.6184); zz:ShaoQi(9.6184); Fan(9.6184); zz:ShouZuRe(9.6184); 【金匮4-4】(9.6184); zz:YuOu(7.6184)
fj:BaiHuJiaGuiZhiTang,白虎加桂枝汤证,lj:Yangming_Instance,,4,zz:ShenWuHanDanRe(9.6184); zz:ShiZuoOu(9.6184); 【金匮4-5】(9.6184); zz:GuJieTengFan(8.6184)
fj:ShuQiSan,蜀漆散证,lj:Shaoyang_Instance,,3,zz:DuoHan(9.6184); zz:DanHanBuRe(8.6184); 【金匮4-6】(8.6184)
fj:ChaiHuGuiJiangTang,柴胡桂姜汤证,lj:Shaoyang_Instance,,3,zz:NueDuoHan(9.6184); zz:DanHanBuRe(8.6184); 【金匮4-6】(8.6184)
fj:GuiZhiShaoYaoZhiMuTang,桂枝芍药知母汤证,lj:Jueyin_Instance,,6,zz:ZhiJieTengTong(8.6184); zz:ShenTiWangLei(8.6184); zz:JiaoZhongRuTuo(8.6184); zz:TouXuanDuanQi(8.6184); zz:YuTu(8.6184); 【金匮5-8】(8.6184)
pattern_id,pattern_name,liujing,clause,4,symptom_list(7.0334); pulse_list(7.0334); tongue_list(7.0334); jianjia_list(7.0334)
fj:WuTouTang,乌头汤证,lj:Taiyang_Instance,,3,zz:LiJieBuKeQuShen(8.6184); zz:TengTong(8.6184); 【金匮5-10】(8.6184)
fj:QiWeiShuQiWan,肾气丸证（虚劳）,lj:Shaoyin_Instance,,4,zz:XuLaoYaoTong(8.6184); zz:ShaoFuJuJi(8.6184); 【金匮6-15】(8.6184); zz:XiaoBianBuLi(5.0948)
fj:MaHuangFuZiXiXinTang_JinKui,麻黄附子细辛汤证（金匮）,lj:Shaoyin_Instance,【金匮6-16】,2,mx:Pulse_Chen(5.7115); zz:FaRe(5.2965)
fj:DaHuangZheChongWan,大黄?虫丸证,lj:Jueyin_Instance,,3,zz:JiFuJiaCuo(8.6184); zz:LiangMuAnHei(8.6184); 【金匮6-18】(8.6184)
fj:SheGanMaHuangTang,射干麻黄汤证,lj:Taiyang_Instance,,3,zz:HouZhongShuiJiSheng(8.6184); 【金匮7-6】(8.6184); zz:KeNiShangQi(7.6184)
fj:ZaoJiaoWan,皂荚丸证,lj:Taiyang_Instance,,4,zz:ShiShiTuZhuo(8.6184); zz:DanZuoBuDeMian(8.6184); 【金匮7-7】(8.6184); zz:KeNiShangQi(7.6184)
fj:HouPoMaHuangTang,厚朴麻黄汤证,lj:Taiyang_Instance,【金匮7-8】,2,mx:Pulse_Fu(5.9179); zz:Ke(5.811)
fj:ZeQiTang,泽漆汤证,lj:Taiyin_Instance,【金匮7-9】,2,zz:Ke(5.811); mx:Pulse_Chen(5.7115)
fj:MaiMenDongTang,麦门冬汤证,lj:Yangming_Instance,,3,zz:DaNiShangQi(8.6184); 【金匮7-10】(8.6184); zz:YanHouBuLi(8.0334)
fj:QianJinWeiJingTang,葶苈大枣泻肺汤证,lj:Taiyang_Instance,,3,TuNongRuMiZhou(9.6184); zz:FeiYong(8.6184); 【金匮7-11】(8.6184)
fj:YueBiJiaBanXiaTang,越婢加半夏汤证,lj:Taiyang_Instance,【金匮7-13】,3,zz:MuRuTuoZhuang(8.6184); mx:Pulse_FuDa(8.6184); zz:FeiZhang(7.6184)
fj:XiaoQingLongJiaShiGaoTang,小青龙加石膏汤证,lj:Taiyang_Instance,【金匮7-14】,3,zz:KeErQiChuan(8.6184); zz:FeiZhang(7.6184); mx:Pulse_Fu(5.9179)
fj:GanCaoGanJiangTang,甘草干姜汤证,lj:Taiyin_Instance,,3,【金匮7-5】(9.6184); zz:TuXianMo(7.2965); zz:BuKe(6.811)
fj:BenQiTang,奔豚汤证,lj:ChongRen,,5,zz:BenQi(8.6184); 【金匮8-2】(8.6184); zz:QiShangChongXiong(8.0334); zz:WangLaiHanRe(7.2965); zz:FuTong(5.2965)
fj:GuaLouXieBaiBaiJiuTang,瓜蒌薤白白酒汤证,lj:Taiyin_Instance,【金匮9-3】,5,zz:ChuanXiKeChuo(8.6184); zz:XiongBeiTong(8.6184); mx:Pulse_ChenChi(8.6184); GuanShangXiaoJinShu(8.6184); zz:XiongBi(5.3705)
fj:GuaLouXieBaiBanXiaTang,瓜蒌薤白半夏汤证,lj:Taiyin_Instance,,4,zz:XinTongCheBei(8.6184); 【金匮9-4】(8.6184); zz:BuDeWo(8.0334); zz:XiongBi(5.3705)
fj:ZhiShiXieBaiGuiZhiTang,枳实薤白桂枝汤证,lj:Taiyin_Instance,,5,zz:XinZhongPi(7.6184); zz:XieXiaNiQiangXin(7.6184); 【金匮9-5】(7.6184); zz:XiongMan(6.0334); zz:XiongBi(5.3705)
fj:RenShenTang,人参汤证,lj:Taiyin_Instance,,5,zz:XinZhongPi(7.6184); zz:XieXiaNiQiangXin(7.6184); 【金匮9-5】(7.6184); zz:XiongMan(6.0334); zz:XiongBi(5.3705)
fj:FuLingXingRenGanCaoTang,茯苓杏仁甘草汤证,lj:Taiyin_Instance,,4,zz:XiongZhongQiSai(7.6184); 【金匮9-6】(7.6184); zz:DuanQi(6.811); zz:XiongBi(5.3705)
fj:JuPiZhiShiShengJiangTang,橘皮枳实生姜汤证,lj:Taiyin_Instance,,4,zz:XiongZhongQiSai(7.6184); 【金匮9-6】(7.6184); zz:DuanQi(6.811); zz:XiongBi(5.3705)
fj:YiYiFuZiSan,薏苡附子散证,lj:Taiyin_Instance,,3,zz:ShiHuanShiJi(8.6184); 【金匮9-7】(8.6184); zz:XiongBi(5.3705)
fj:GuiZhiShengJiangZhiShiTang,桂枝生姜枳实汤证,lj:Taiyin_Instance,,3,zz:XinZhongXuanTong(8.6184); 【金匮9-8】(8.6184); zz:XiongBi(5.3705)
fj:WuTouChiShiZhiWan,乌头赤石脂丸证,lj:Taiyin_Instance,,3,zz:XiongTongCheBei(8.6184); zz:CheBeiTongXiong(8.6184); 【金匮9-9】(8.6184)
fj:HouPoQiWuTang,厚朴七物汤证,lj:Yangming_Instance,【金匮10-9】,3,mx:Pulse_FuShu(8.6184); zz:FuMan(5.6184); zz:FaRe(5.2965)
fj:FuZiJingMiTang,附子粳米汤证,lj:Taiyin_Instance,,5,【金匮10-10】(8.6184); zz:FuZhongQieTong(8.0334); zz:LeiMing(8.0334); zz:NiMan(8.0334); zz:OuTu(6.6184)
fj:DaJianZhongTang,大建中汤证,lj:Taiyin_Instance,,5,zz:FuZhongHan(8.6184); zz:ShangChongPiQi(8.6184); 【金匮10-14】(8.6184); zz:FuZhongHanTong(8.0334); zz:OuBuNengShi(7.6184)
fj:DaHuangFuZiXiXinTang,大黄附子细辛汤证,lj:Taiyin_Instance,【金匮10-15】,4,mx:Pulse_XianJin(8.6184); zz:XieXiaPianTong(8.0334); zz:FaWeiRe(8.0334); zz:FuMan(5.6184)
fj:DaWuTouJian_JinKui,大乌头煎证（金匮）,lj:Taiyin_Instance,,4,【金匮10-17】(8.6184); zz:RaoQiErTong(8.0334); zz:ShouZuJueLeng(7.6184); zz:HanShan(6.2965)
fj:DangGuiShengJiangYangRouTang_JinKui,当归生姜羊肉汤证（金匮）,lj:Taiyin_Instance,,4,【金匮10-18】(8.6184); zz:XieTongLiJi(8.0334); zz:FuZhongTong(7.0334); zz:HanShan(6.2965)
fj:WuTouGuiZhiTang_JinKui,乌头桂枝汤证（金匮）,lj:Taiyin_Instance,,6,【金匮10-19】(8.6184); zz:ShouZuBuRen(8.0334); zz:NiLeng(8.0334); zz:FuZhongTong(7.0334); zz:ShenTiTengTong(6.6184); zz:HanShan(6.2965)
fj:ZhiZhuSan,蜘蛛散证（金匮）,lj:Jueyin_Instance,,4,【金匮10-20】(9.6184); zz:PianYouDaXiao(8.6184); zz:ShiYouShangXia(8.6184); zz:GuShan(8.0334)
fj:ShengJiangBanXiaTang,生姜半夏汤证,lj:Taiyin_Instance,,5,zz:XiongZhongSiChuanBuChuan(8.6184); zz:SiOuBuOu(8.6184); zz:SiNiBuNi(8.6184); zz:XinZhongFenFenRan(8.6184); 【金匮11-11】(8.6184)
fj:JuPiTang,橘皮汤证（金匮）,lj:Taiyin_Instance,,3,zz:GanOuNi(8.6184); 【金匮11-12】(8.6184); zz:ShouZuJue(8.0334)
fj:JuPiZhuRuTang,橘皮竹茹汤证（金匮）,lj:Taiyin_Instance,,3,【金匮11-13】(8.6184); zz:NiNi(8.0334); zz:Xu(8.0334)
fj:XiaoBanXiaTang_ZhuOu,小半夏汤证（金匮诸呕）,lj:Taiyin_Instance,,3,【金匮11-14】(8.6184); zz:ZhuOu(8.0334); zz:GuBuDeXia(8.0334)
fj:GanJiangBanXiaTang,干姜半夏汤证,lj:Taiyin_Instance,,3,【金匮11-15】(8.6184); zz:TuXianMo(7.2965); zz:GanOu(5.7115)
fj:FuLingGanCaoTang_JinKui,茯苓甘草汤证（金匮）,lj:Taiyin_Instance,,2,zz:JueErXinXiaJi(8.6184); 【金匮11-16】(8.6184)
fj:ZhuFuTang_JinKui,猪肤汤证（金匮）,lj:Shaoyin_Instance,,5,【金匮11-17】(9.6184); zz:YanTong(7.6184); zz:XinFan(7.0334); zz:XiongMan(6.0334); zz:XiaLi(5.7115)
fj:GanCaoXieXinTang_ZhuOu,甘草泻心汤证（金匮诸呕）,lj:Taiyin_Instance,,2,【金匮11-18】(9.6184); zz:Ou(8.0334)
fj:BanXiaXieXinTang_JinKui,半夏泻心汤证（金匮）,lj:Shaoyang_Instance,,3,zz:OuErChangMing(8.6184); 【金匮11-19】(8.6184); zz:XinXiaPi(5.2261)
fj:HuangLianTang_JinKui,黄连汤证（金匮）,lj:Taiyang_Instance,,3,【金匮11-20】(8.6184); zz:YuOu(7.6184); zz:FuTong(5.2965)
fj:SiNiTang_JinKui,四逆汤证（金匮）,lj:Shaoyin_Instance,,5,zz:OuErMaiRuo(9.6184); zz:XiaoBianFuLi(9.6184); zz:ShenWeiRe(9.6184); zz:JianJue(9.6184); 【金匮11-21】(9.6184)
fj:GanJiangHuangQinHuangLianRenShenTang_JinKui,干姜黄芩黄连人参汤证（金匮）,lj:Jueyin_Instance,,2,【金匮11-22】(8.6184); zz:ShiRuKouJiTu(8.0334)
fj:ZeQiTang_ShuiQi,泽漆汤证（水气）,lj:Taiyin_Instance,【金匮12-21】,3,zz:ShuiZhong(8.6184); zz:Ke(5.811); mx:Pulse_Chen(5.7115)
fj:MuFangJiTang,木防己汤证,lj:Taiyin_Instance,【金匮12-24】,4,zz:MianSeHei(7.6184); mx:Pulse_ChenJin(7.6184); zz:KeNi(5.811); zz:XinXiaPi(5.2261)
fj:MuFangJiQuShiGaoJiaFuLingMangXiaoTang,木防己去石膏加茯苓芒硝汤证,lj:Taiyin_Instance,【金匮12-24】,4,zz:MianSeHei(7.6184); mx:Pulse_ChenJin(7.6184); zz:KeNi(5.811); zz:XinXiaPi(5.2261)
fj:ZeXieTang,泽泻汤证,lj:Taiyin_Instance,,3,zz:XinXiaYouZhiYin(8.6184); zz:TouYun(8.6184); 【金匮12-25】(8.6184)
fj:FuLingJianZhongTang,茯苓建中汤证,lj:Taiyin_Instance,,3,zz:XinXiaYin(8.6184); 【金匮12-26】(8.6184); zz:FuMan(5.6184)
fj:GanSuiBanXiaTang,甘遂半夏汤证,lj:Taiyin_Instance,,3,zz:LiuYin(8.6184); zz:XinXiaJianMan(8.6184); 【金匮12-27】(8.6184)
fj:ShiZaoTang_JinKui,十枣汤证（金匮）,lj:Taiyang_Instance,,3,zz:KeXieYinTong(8.6184); 【金匮12-28】(8.6184); zz:XuanYin(8.0334)
fj:DaQingLongTang_JinKui,大青龙汤证（金匮）,lj:Taiyang_Instance,,3,zz:YiYin(7.6184); zz:ShenTiTengZhong(7.6184); 【金匮12-29】(7.6184)
fj:XiaoQingLongTang_JinKui,小青龙汤证（金匮）,lj:Taiyang_Instance,,3,zz:YiYin(7.6184); zz:ShenTiTengZhong(7.6184); 【金匮12-29】(7.6184)
fj:LingGuiZhuGanTang,苓桂术甘汤证,lj:Taiyin_Instance,【金匮12-30】,4,zz:XinXiaYouTanYin(8.6184); zz:XiongXieZhiMan(8.6184); mx:Pulse_ChenXian(8.6184); zz:MuXuan(8.0334)
fj:ZeXieTang_JinKui,泽泻汤证（金匮）,lj:Taiyin_Instance,,2,zz:KuMaoXuan(8.6184); 【金匮12-31】(8.6184)
fj:FuLingGanCaoTang_ZhiYin,茯苓甘草汤证（支饮）,lj:Taiyin_Instance,,3,【金匮12-32】(8.6184); zz:ZhiYin(6.0334); zz:KeNi(5.811)
fj:HouPoDaHuangTang,厚朴大黄汤证,lj:Yangming_Instance,,3,【金匮12-33】(8.6184); zz:ZhiYin(6.0334); zz:XiongMan(6.0334)
fj:XuanFuHuaTang,旋覆花汤证,lj:Jueyin_Instance,,3,zz:ChangYuTaQiXiongShang(8.6184); 【金匮12-34】(8.6184); zz:XiongBi(5.3705)
fj:ZiCanTang_JinKui,紫参汤证（金匮）,lj:Jueyin_Instance,,3,【金匮12-35】(8.6184); zz:ZhiYin(6.0334); zz:KeNi(5.811)
fj:QianJinWeiJingTang_JinKui,葶苈大枣泻肺汤证（金匮）,lj:Taiyang_Instance,,3,【金匮12-36】(8.6184); zz:ZhiYin(6.0334); zz:KeNi(5.811)
fj:XiaoBanXiaTang_JinKui,小半夏汤证（金匮）,lj:Taiyin_Instance,,4,【金匮12-37】(8.6184); zz:BuKe(6.811); zz:OuTu(6.6184); zz:ZhiYin(6.0334)
fj:XiaoBanXiaJiaFuLingTang,小半夏加茯苓汤证,lj:Taiyin_Instance,,4,【金匮12-38】(8.6184); zz:OuTu(6.6184); zz:ZhiYin(6.0334); zz:KeNi(5.811)
fj:FangJiJiaoMuZhuLiDaHuangWan,防己椒目葶苈大黄丸证,lj:Taiyin_Instance,,4,zz:KouSheGanZao(8.6184); zz:ChangJianYouShuiQi(8.6184); 【金匮12-39】(8.6184); zz:FuMan(5.6184)
fj:XiaoBanXiaJiaFuLingTang_JinKui,小半夏加茯苓汤证（金匮）,lj:Taiyin_Instance,,3,zz:GeJianYouShuiQi(8.6184); zz:OuTuXuanJi(8.6184); 【金匮12-40】(8.6184)
fj:WuLingSan_JinKui,五苓散证（金匮）,lj:Taiyang_Instance,,4,zz:QiXiaJi(8.6184); 【金匮12-41】(8.6184); zz:TouXuan(8.0334); zz:TuXianMo(7.2965)
fj:GanCaoMaHuangTang,甘草麻黄汤证,lj:Taiyang_Instance,【金匮14-5】,3,zz:LiShui(7.0334); zz:ShenMuHuangZhong(7.0334); mx:Pulse_Chen(5.7115)
fj:YueBiJiaZhuTang,越婢加术汤证,lj:Taiyang_Instance,【金匮14-5】,3,zz:LiShui(7.0334); zz:ShenMuHuangZhong(7.0334); mx:Pulse_Chen(5.7115)
fj:FangJiFuLingTang,防己茯苓汤证,lj:Taiyang_Instance,,4,zz:PiShui(8.6184); zz:SiZhiZhong(8.6184); zz:PiFuZhongHongHongDong(8.6184); 【金匮14-6】(8.6184)
fj:YueBiTang,越婢汤证,lj:Taiyang_Instance,【金匮14-7】,7,zz:ZiHanChu(8.0334); zz:YiShenXiZhong(7.6184); zz:WuDaRe(7.6184); zz:FengShui(7.2965); zz:BuKe(6.811); zz:EFeng(6.2965); mx:Pulse_Fu(5.9179)
fj:YueBiJiaBanXiaTang_JinKui,越婢加半夏汤证（金匮）,lj:Taiyang_Instance,【金匮14-7】,7,zz:ZiHanChu(8.0334); zz:YiShenXiZhong(7.6184); zz:WuDaRe(7.6184); zz:FengShui(7.2965); zz:BuKe(6.811); zz:EFeng(6.2965); mx:Pulse_Fu(5.9179)
pattern_id,pattern_name,liujing,clause,4,symptom_list(7.0334); pulse_list(7.0334); tongue_list(7.0334); jianjia_list(7.0334)
fj:FangJiHuangQiTang_JinKui,防己黄芪汤证（水气）,lj:Taiyang_Instance,【金匮14-7】,5,zz:FengShui(7.2965); zz:ShenZhong(7.2965); zz:EFeng(6.2965); mx:Pulse_Fu(5.9179); zz:HanChu(5.3705)
fj:HuangQiGuiZhiWuWuTang,黄芪桂枝五物汤证,lj:Taiyang_Instance,,4,zz:XueBi(9.6184); zz:ShenTiBuRen(9.6184); zz:RuFengBi(9.6184); 【金匮6-2】(9.6184)
fj:FuLingGanCaoTang_JinKui,茯苓甘草汤证（水气）,lj:Taiyin_Instance,,4,【金匮14-8】(8.6184); zz:ShuiQi(6.2965); zz:Ke(5.811); zz:XiaoBianBuLi(5.0948)
fj:MaHuangFuZiGanCaoTang_JinKui,麻黄附子甘草汤证（水气）,lj:Shaoyin_Instance,【金匮14-9】,3,zz:MaiChen(8.0334); zz:ShuiQi(6.2965); mx:Pulse_Chen(5.7115)
fj:MaHuangJiaZhuTang_JinKui,麻黄加术汤证（水气）,lj:Taiyang_Instance,【金匮14-9】,3,zz:ShenZhong(7.2965); zz:ShuiQi(6.2965); mx:Pulse_Fu(5.9179)
fj:YueBiTang_JinKui,越婢汤证（水气）,lj:Taiyang_Instance,【金匮14-10】,5,zz:YiShenXiZhong(7.6184); zz:WuDaRe(7.6184); zz:FengShui(7.2965); mx:Pulse_Fu(5.9179); zz:HanChu(5.3705)
fj:YueBiJiaZhuTang_JinKui,越婢加术汤证（水气）,lj:Taiyang_Instance,【金匮14-10】,3,zz:LiShui(7.0334); zz:ShenMuHuangZhong(7.0334); mx:Pulse_Chen(5.7115)
fj:GanCaoMaHuangTang_JinKui,甘草麻黄汤证（水气）,lj:Taiyang_Instance,【金匮14-10】,3,zz:LiShui(7.0334); zz:ShenMuHuangZhong(7.0334); mx:Pulse_Chen(5.7115)
fj:HuangQiShaoYaoGuiZhiTang,黄芪芍药桂枝汤证,lj:Taiyang_Instance,【金匮14-11】,5,zz:ShenTiZhong(8.6184); zz:Re(8.0334); zz:HuangHan(7.2965); zz:Ke(5.811); mx:Pulse_Chen(5.7115)
fj:GuiZhiJiaHuangQiTang_JinKui,桂枝加黄芪汤证（黄汗）,lj:Taiyang_Instance,,5,zz:YiShangHanChu(8.6184); 【金匮14-12】(8.6184); zz:YaoKuiChiTong(8.0334); zz:HuangHan(7.2965); zz:ShenZhong(7.2965)
fj:GuiZhiShaoYaoZhiMuTang_JinKui,桂枝芍药知母汤证（历节）,lj:Jueyin_Instance,,6,zz:ZhiJieTengTong(8.6184); zz:ShenTiWangLei(8.6184); zz:JiaoZhongRuTuo(8.6184); zz:TouXuanDuanQi(8.6184); zz:YuTu(8.6184); 【金匮5-8】(8.6184)
fj:WuTouTang_JinKui,乌头汤证（历节）,lj:Taiyang_Instance,,3,zz:LiJieBuKeQuShen(8.6184); zz:TengTong(8.6184); 【金匮5-10】(8.6184)
fj:GuiZhiLongGuMuLiTang_JinKui,桂枝龙骨牡蛎汤证（虚劳）,lj:Taiyang_Instance,【金匮6-8】,3,mx:Pulse_XuKongChi(9.6184); zz:YiJing(8.6184); zz:MengJiao(8.6184)
fj:TianXiongSan_JinKui,天雄散证（虚劳）,lj:Taiyang_Instance,,3,【金匮6-8】(9.6184); zz:YiJing(8.6184); zz:MengJiao(8.6184)
fj:QiWeiShuQiWan_JinKui,肾气丸证（虚劳）,lj:Shaoyin_Instance,,4,zz:XuLaoYaoTong(8.6184); zz:ShaoFuJuJi(8.6184); 【金匮6-15】(8.6184); zz:XiaoBianBuLi(5.0948)
fj:DaHuangZheChongWan_JinKui,大黄?虫丸证（虚劳）,lj:Jueyin_Instance,,3,zz:JiFuJiaCuo(8.6184); zz:LiangMuAnHei(8.6184); 【金匮6-18】(8.6184)
fj:SheGanMaHuangTang_JinKui,射干麻黄汤证（肺痿肺痈）,lj:Taiyang_Instance,,3,zz:HouZhongShuiJiSheng(8.6184); 【金匮7-6】(8.6184); zz:KeNiShangQi(7.6184)
fj:ZaoJiaoWan_JinKui,皂荚丸证（肺痿肺痈）,lj:Taiyang_Instance,,4,zz:ShiShiTuZhuo(8.6184); zz:DanZuoBuDeMian(8.6184); 【金匮7-7】(8.6184); zz:KeNiShangQi(7.6184)
fj:HouPoMaHuangTang_JinKui,厚朴麻黄汤证（肺痿肺痈）,lj:Taiyang_Instance,【金匮7-8】,2,mx:Pulse_Fu(5.9179); zz:Ke(5.811)
fj:ZeQiTang_JinKui,泽漆汤证（肺痿肺痈）,lj:Taiyin_Instance,【金匮7-9】,2,zz:Ke(5.811); mx:Pulse_Chen(5.7115)
fj:MaiMenDongTang_JinKui,麦门冬汤证（肺痿肺痈）,lj:Yangming_Instance,,3,zz:DaNiShangQi(8.6184); 【金匮7-10】(8.6184); zz:YanHouBuLi(8.0334)
fj:QianJinWeiJingTang_JinKui,葶苈大枣泻肺汤证（肺痈）,lj:Taiyang_Instance,,3,zz:TuNongRuMiZhou(9.6184); zz:FeiYong(8.6184); 【金匮7-11】(8.6184)
fj:YueBiJiaBanXiaTang_JinKui,越婢加半夏汤证（肺胀）,lj:Taiyang_Instance,【金匮7-13】,3,zz:MuRuTuoZhuang(8.6184); mx:Pulse_FuDa(8.6184); zz:FeiZhang(7.6184)
fj:XiaoQingLongJiaShiGaoTang_JinKui,小青龙加石膏汤证（肺胀）,lj:Taiyang_Instance,【金匮7-14】,3,zz:KeErQiChuan(8.6184); zz:FeiZhang(7.6184); mx:Pulse_Fu(5.9179)
fj:BenQiTang_JinKui,奔豚汤证（奔豚气）,lj:ChongRen,,5,zz:BenQi(8.6184); 【金匮8-2】(8.6184); zz:QiShangChongXiong(8.0334); zz:WangLaiHanRe(7.2965); zz:FuTong(5.2965)
fj:GuaLouXieBaiBaiJiuTang_JinKui,瓜蒌薤白白酒汤证（胸痹）,lj:Taiyin_Instance,【金匮9-3】,5,zz:ChuanXiKeChuo(8.6184); zz:XiongBeiTong(8.6184); mx:Pulse_ChenChi(8.6184); GuanShangXiaoJinShu(8.6184); zz:XiongBi(5.3705)
fj:GuaLouXieBaiBanXiaTang_JinKui,瓜蒌薤白半夏汤证（胸痹）,lj:Taiyin_Instance,,4,zz:XinTongCheBei(8.6184); 【金匮9-4】(8.6184); zz:BuDeWo(8.0334); zz:XiongBi(5.3705)
fj:ZhiShiXieBaiGuiZhiTang_JinKui,枳实薤白桂枝汤证（胸痹）,lj:Taiyin_Instance,,5,zz:XinZhongPi(7.6184); zz:XieXiaNiQiangXin(7.6184); 【金匮9-5】(7.6184); zz:XiongMan(6.0334); zz:XiongBi(5.3705)
fj:RenShenTang_JinKui,人参汤证（胸痹）,lj:Taiyin_Instance,,5,zz:XinZhongPi(7.6184); zz:XieXiaNiQiangXin(7.6184); 【金匮9-5】(7.6184); zz:XiongMan(6.0334); zz:XiongBi(5.3705)
fj:FuLingXingRenGanCaoTang_JinKui,茯苓杏仁甘草汤证（胸痹）,lj:Taiyin_Instance,,4,zz:XiongZhongQiSai(7.6184); 【金匮9-6】(7.6184); zz:DuanQi(6.811); zz:XiongBi(5.3705)
fj:JuPiZhiShiShengJiangTang_JinKui,橘皮枳实生姜汤证（胸痹）,lj:Taiyin_Instance,,4,zz:XiongZhongQiSai(7.6184); 【金匮9-6】(7.6184); zz:DuanQi(6.811); zz:XiongBi(5.3705)
fj:YiYiFuZiSan_JinKui,薏苡附子散证（胸痹）,lj:Taiyin_Instance,,3,zz:ShiHuanShiJi(8.6184); 【金匮9-7】(8.6184); zz:XiongBi(5.3705)
fj:GuiZhiShengJiangZhiShiTang_JinKui,桂枝生姜枳实汤证（胸痹）,lj:Taiyin_Instance,,3,zz:XinZhongXuanTong(8.6184); 【金匮9-8】(8.6184); zz:XiongBi(5.3705)
fj:WuTouChiShiZhiWan_JinKui,乌头赤石脂丸证（胸痹）,lj:Taiyin_Instance,,3,zz:XiongTongCheBei(8.6184); zz:CheBeiTongXiong(8.6184); 【金匮9-9】(8.6184)
fj:JiuTongWan_JinKui,九痛丸证（胸痹）,lj:Taiyin_Instance,,3,zz:XinXiaTong(9.6184); 【金匮9-10】(9.6184); zz:XiongBi(5.3705)
fj:HouPoQiWuTang_JinKui,厚朴七物汤证（腹满）,lj:Yangming_Instance,【金匮10-9】,3,mx:Pulse_FuShu(8.6184); zz:FuMan(5.6184); zz:FaRe(5.2965)
fj:FuZiJingMiTang_JinKui,附子粳米汤证（腹满）,lj:Taiyin_Instance,,5,【金匮10-10】(8.6184); zz:FuZhongQieTong(8.0334); zz:LeiMing(8.0334); zz:NiMan(8.0334); zz:OuTu(6.6184)
fj:DaJianZhongTang_JinKui,大建中汤证（腹满）,lj:Taiyin_Instance,,5,zz:FuZhongHan(8.6184); zz:ShangChongPiQi(8.6184); 【金匮10-14】(8.6184); zz:FuZhongHanTong(8.0334); zz:OuBuNengShi(7.6184)
fj:DaHuangFuZiXiXinTang_JinKui,大黄附子细辛汤证（腹满）,lj:Taiyin_Instance,【金匮10-15】,4,mx:Pulse_XianJin(8.6184); zz:XieXiaPianTong(8.0334); zz:FaWeiRe(8.0334); zz:FuMan(5.6184)
fj:DaWuTouJian_JinKui,大乌头煎证（寒疝）,lj:Taiyin_Instance,,4,【金匮10-17】(8.6184); zz:RaoQiErTong(8.0334); zz:ShouZuJueLeng(7.6184); zz:HanShan(6.2965)
fj:DangGuiShengJiangYangRouTang_JinKui,当归生姜羊肉汤证（寒疝）,lj:Taiyin_Instance,,4,【金匮10-18】(8.6184); zz:XieTongLiJi(8.0334); zz:FuZhongTong(7.0334); zz:HanShan(6.2965)
fj:WuTouGuiZhiTang_JinKui,乌头桂枝汤证（寒疝）,lj:Taiyin_Instance,,6,【金匮10-19】(8.6184); zz:ShouZuBuRen(8.0334); zz:NiLeng(8.0334); zz:FuZhongTong(7.0334); zz:ShenTiTengTong(6.6184); zz:HanShan(6.2965)
fj:ShengJiangBanXiaTang_JinKui,生姜半夏汤证（呕吐）,lj:Taiyin_Instance,,5,zz:XiongZhongSiChuanBuChuan(8.6184); zz:SiOuBuOu(8.6184); zz:SiNiBuNi(8.6184); zz:XinZhongFenFenRan(8.6184); 【金匮11-11】(8.6184)
fj:JuPiTang_JinKui,橘皮汤证（呕吐）,lj:Taiyin_Instance,,3,zz:GanOuNi(8.6184); 【金匮11-12】(8.6184); zz:ShouZuJue(8.0334)
fj:JuPiZhuRuTang_JinKui,橘皮竹茹汤证（呕吐）,lj:Taiyin_Instance,,3,【金匮11-13】(8.6184); zz:NiNi(8.0334); zz:Xu(8.0334)
fj:XiaoBanXiaTang_JinKui,小半夏汤证（呕吐）,lj:Taiyin_Instance,,3,【金匮11-14】(8.6184); zz:ZhuOu(8.0334); zz:GuBuDeXia(8.0334)
fj:GanJiangBanXiaTang_JinKui,干姜半夏汤证（呕吐）,lj:Taiyin_Instance,,3,【金匮11-15】(8.6184); zz:TuXianMo(7.2965); zz:GanOu(5.7115)
fj:HuangQinTang_JinKui,黄芩汤证（呕吐）,lj:Shaoyang_Instance,,3,【金匮11-16】(8.6184); zz:GanOu(5.7115); zz:XiaLi(5.7115)
fj:BanXiaXieXinTang_JinKui,半夏泻心汤证（呕吐）,lj:Shaoyang_Instance,,3,zz:OuErChangMing(8.6184); 【金匮11-19】(8.6184); zz:XinXiaPi(5.2261)
fj:HuangLianTang_JinKui,黄连汤证（呕吐）,lj:Taiyang_Instance,,3,【金匮11-20】(8.6184); zz:YuOu(7.6184); zz:FuTong(5.2965)
fj:GanJiangHuangQinHuangLianRenShenTang_JinKui,干姜黄芩黄连人参汤证（呕吐）,lj:Jueyin_Instance,,2,【金匮11-22】(8.6184); zz:ShiRuKouJiTu(8.0334)
fj:MuFangJiTang_JinKui,木防己汤证（痰饮）,lj:Taiyin_Instance,【金匮12-24】,4,zz:MianSeHei(7.6184); mx:Pulse_ChenJin(7.6184); zz:KeNi(5.811); zz:XinXiaPi(5.2261)
fj:MuFangJiQuShiGaoJiaFuLingMangXiaoTang_JinKui,木防己去石膏加茯苓芒硝汤证（痰饮）,lj:Taiyin_Instance,【金匮12-24】,4,zz:MianSeHei(7.6184); mx:Pulse_ChenJin(7.6184); zz:KeNi(5.811); zz:XinXiaPi(5.2261)
fj:ZeXieTang_JinKui,泽泻汤证（痰饮）,lj:Taiyin_Instance,,3,zz:XinXiaYouZhiYin(8.6184); zz:TouYun(8.6184); 【金匮12-25】(8.6184)
fj:FuLingJianZhongTang,茯苓建中汤证,lj:Taiyin_Instance,,3,zz:XinXiaYin(8.6184); 【金匮12-26】(8.6184); zz:FuMan(5.6184)
fj:GanSuiBanXiaTang_JinKui,甘遂半夏汤证（痰饮）,lj:Taiyin_Instance,,3,zz:LiuYin(8.6184); zz:XinXiaJianMan(8.6184); 【金匮12-27】(8.6184)
fj:ShiZaoTang_JinKui,十枣汤证（悬饮）,lj:Taiyang_Instance,,3,zz:KeXieYinTong(8.6184); 【金匮12-28】(8.6184); zz:XuanYin(8.0334)
fj:DaQingLongTang_JinKui,大青龙汤证（溢饮）,lj:Taiyang_Instance,,3,zz:YiYin(7.6184); zz:ShenTiTengZhong(7.6184); 【金匮12-29】(7.6184)
fj:XiaoQingLongTang_JinKui,小青龙汤证（溢饮）,lj:Taiyang_Instance,,3,zz:YiYin(7.6184); zz:ShenTiTengZhong(7.6184); 【金匮12-29】(7.6184)
fj:LingGuiZhuGanTang_JinKui,苓桂术甘汤证（痰饮）,lj:Taiyin_Instance,【金匮12-30】,4,zz:XinXiaYouTanYin(8.6184); zz:XiongXieZhiMan(8.6184); mx:Pulse_ChenXian(8.6184); zz:MuXuan(8.0334)
fj:ZeXieTang_JinKui,泽泻汤证（支饮）,lj:Taiyin_Instance,,2,zz:KuMaoXuan(8.6184); 【金匮12-31】(8.6184)
fj:FuLingGanCaoTang_ZhiYin,茯苓甘草汤证（支饮）,lj:Taiyin_Instance,,3,【金匮12-32】(8.6184); zz:ZhiYin(6.0334); zz:KeNi(5.811)
fj:HouPoDaHuangTang,厚朴大黄汤证,lj:Yangming_Instance,,3,【金匮12-33】(8.6184); zz:ZhiYin(6.0334); zz:XiongMan(6.0334)
fj:XuanFuHuaTang_JinKui,旋覆花汤证（肝着）,lj:Jueyin_Instance,,3,zz:ChangYuTaQiXiongShang(8.6184); 【金匮12-34】(8.6184); zz:XiongBi(5.3705)
fj:ZiCanTang_JinKui,紫参汤证（肺痈）,lj:Jueyin_Instance,,3,【金匮12-35】(8.6184); zz:ZhiYin(6.0334); zz:KeNi(5.811)
fj:QianJinWeiJingTang_JinKui,葶苈大枣泻肺汤证（支饮）,lj:Taiyang_Instance,,3,【金匮12-36】(8.6184); zz:ZhiYin(6.0334); zz:KeNi(5.811)
fj:XiaoBanXiaTang_ZhiYin,小半夏汤证（支饮）,lj:Taiyin_Instance,,4,【金匮12-37】(8.6184); zz:BuKe(6.811); zz:OuTu(6.6184); zz:ZhiYin(6.0334)
fj:XiaoBanXiaJiaFuLingTang,小半夏加茯苓汤证,lj:Taiyin_Instance,,4,【金匮12-38】(8.6184); zz:OuTu(6.6184); zz:ZhiYin(6.0334); zz:KeNi(5.811)
fj:FangJiJiaoMuZhuLiDaHuangWan,防己椒目葶苈大黄丸证,lj:Taiyin_Instance,,4,zz:KouSheGanZao(8.6184); zz:ChangJianYouShuiQi(8.6184); 【金匮12-39】(8.6184); zz:FuMan(5.6184)
fj:XiaoBanXiaJiaFuLingTang_JinKui,小半夏加茯苓汤证（水饮）,lj:Taiyin_Instance,,3,zz:GeJianYouShuiQi(8.6184); zz:OuTuXuanJi(8.6184); 【金匮12-40】(8.6184)
fj:WuLingSan_JinKui,五苓散证（水饮）,lj:Taiyang_Instance,,4,zz:QiXiaJi(8.6184); 【金匮12-41】(8.6184); zz:TouXuan(8.0334); zz:TuXianMo(7.2965)
fj:GanCaoMaHuangTang_LiShui,甘草麻黄汤证（水气病）,lj:Taiyang_Instance,【金匮14-5】,3,zz:LiShui(7.0334); zz:ShenMuHuangZhong(7.0334); mx:Pulse_Chen(5.7115)
fj:YueBiJiaZhuTang_JinKui,越婢加术汤证（水气病）,lj:Taiyang_Instance,【金匮14-5】,3,zz:LiShui(7.0334); zz:ShenMuHuangZhong(7.0334); mx:Pulse_Chen(5.7115)
fj:FangJiFuLingTang,防己茯苓汤证,lj:Taiyang_Instance,,4,zz:PiShui(8.6184); zz:SiZhiZhong(8.6184); zz:PiFuZhongHongHongDong(8.6184); 【金匮14-6】(8.6184)
fj:YueBiTang_JinKui,越婢汤证（水气病）,lj:Taiyang_Instance,【金匮14-7】,7,zz:ZiHanChu(8.0334); zz:YiShenXiZhong(7.6184); zz:WuDaRe(7.6184); zz:FengShui(7.2965); zz:BuKe(6.811); zz:EFeng(6.2965); mx:Pulse_Fu(5.9179)
fj:FuLingGanCaoTang_LiShui,茯苓甘草汤证（水气病）,lj:Taiyin_Instance,,4,【金匮14-8】(8.6184); zz:ShuiQi(6.2965); zz:Ke(5.811); zz:XiaoBianBuLi(5.0948)
fj:MaHuangFuZiGanCaoTang_LiShui,麻黄附子甘草汤证（水气病）,lj:Shaoyin_Instance,【金匮14-9】,3,zz:MaiChen(8.0334); zz:ShuiQi(6.2965); mx:Pulse_Chen(5.7115)
fj:MaHuangJiaZhuTang_LiShui,麻黄加术汤证（水气病）,lj:Taiyang_Instance,【金匮14-9】,3,zz:ShenZhong(7.2965); zz:ShuiQi(6.2965); mx:Pulse_Fu(5.9179)
fj:HuangQiShaoYaoGuiZhiTang_JinKui,黄芪芍药桂枝汤证（黄汗）,lj:Taiyang_Instance,【金匮14-11】,5,zz:ShenTiZhong(8.6184); zz:Re(8.0334); zz:HuangHan(7.2965); zz:Ke(5.811); mx:Pulse_Chen(5.7115)
fj:GuiZhiJiaHuangQiTang_HuangHan,桂枝加黄芪汤证（黄汗）,lj:Taiyang_Instance,,5,zz:YiShangHanChu(8.6184); 【金匮14-12】(8.6184); zz:YaoKuiChiTong(8.0334); zz:HuangHan(7.2965); zz:ShenZhong(7.2965)
fj:YinChenHaoTang_JinKui,茵陈蒿汤证（黄疸）,lj:Yangming_Instance,,4,【金匮15-13】(9.6184); zz:HuangDan(6.0334); zz:FuMan(5.6184); zz:XiaoBianBuLi(5.0948)
fj:XiaoShiFanShiSan,硝石矾石散证,lj:Jueyin_Instance,,6,zz:NvLao(9.6184); zz:ShenJinHuang(9.6184); zz:EShangHei(9.6184); zz:ZuXiaRe(9.6184); 【金匮15-14】(9.6184); zz:FuMan(5.6184)
fj:ZhiZiDaHuangTang_JinKui,栀子大黄汤证（黄疸）,lj:Yangming_Instance,,4,【金匮15-15】(9.6184); zz:ReTong(8.6184); zz:XinZhongAoNong(8.0334); zz:HuangDan(6.0334)
fj:ZhuGaoFaJian_JinKui,猪膏发煎证（黄疸）,lj:Yangming_Instance,,4,【金匮15-16】(9.6184); zz:JinYeKuZao(8.6184); zz:SeAnBuMing(8.6184); zz:HuangDan(6.0334)
fj:YinChenWuLingSan,茵陈五苓散证,lj:Taiyang_Instance,,3,【金匮15-18】(9.6184); zz:HuangDan(6.0334); zz:XiaoBianBuLi(5.0948)
fj:DaHuangXiaoShiTang_JinKui,大黄硝石汤证（黄疸）,lj:Yangming_Instance,,5,【金匮15-19】(9.6184); zz:ZiHan(8.0334); zz:HuangDan(6.0334); zz:FuMan(5.6184); zz:XiaoBianBuLi(5.0948)
fj:MuLiZeXieSan,牡蛎泽泻散证,lj:Taiyin_Instance,,3,zz:DaBingChaHou(9.6184); zz:YaoYiXiaYouShuiQi(9.6184); 【金匮15-21】(9.6184)
fj:HuangTuTang,黄土汤证,lj:Taiyin_Instance,,4,zz:XianBianHouXue(9.6184); zz:SeAnDan(9.6184); 【金匮16-15】(9.6184); zz:XiaXue(8.6184)
fj:ChiXiaoDouDangGuiSan_JinKui,赤小豆当归散证（便血）,lj:Taiyang_Instance,,4,zz:XianXueHouBian(9.6184); zz:SeXianHong(9.6184); 【金匮16-16】(9.6184); zz:XiaXue(8.6184)
fj:XieXinTang,泻心汤证（吐血）,lj:Yangming_Instance,,3,zz:TuXue(9.6184); zz:QiBuZu(9.6184); 【金匮16-17】(9.6184)
fj:BaiYeTang,柏叶汤证,lj:Taiyin_Instance,,2,zz:TuXueBuZhi(9.6184); 【金匮16-18】(9.6184)
fj:WangBuLiuXingSan,王不留行散证,lj:Taiyang_Instance,,3,zz:JinChuang(9.6184); zz:ShenYouChuang(9.6184); 【金匮16-19】(9.6184)
fj:PaiNongSan,排脓散证,lj:Yangming_Instance,,3,zz:ChuangYong(8.6184); zz:YouNong(8.6184); 【金匮16-20】(8.6184)
fj:PaiNongTang,排脓汤证,lj:Yangming_Instance,,3,zz:ChuangYong(8.6184); zz:YouNong(8.6184); 【金匮16-20】(8.6184)
fj:YiYiFuZiBaiJiangSan_JinKui,薏苡附子败酱散证（肠痈）,lj:Yangming_Instance,,5,zz:ShenTiJiaCuo(9.6184); zz:FuPiJi(9.6184); zz:RuZhongZhuang(9.6184); 【金匮18-3】(9.6184); zz:AnZhiRu(8.6184)
fj:DaHuangMuDanTang_JinKui,大黄牡丹汤证（肠痈）,lj:Yangming_Instance,,6,zz:ShaoFuZhongPi(9.6184); zz:AnZhiJiTong(9.6184); 【金匮18-4】(9.6184); zz:ZiHan(8.0334); zz:EHan(6.159); zz:FaRe(5.2965)
fj:ZhiShiSan,枳实散证,lj:Jueyin_Instance,,2,【金匮19-7】(9.6184); zz:GuShan(8.0334)
fj:GuiZhiFuLingWan,桂枝茯苓丸证,lj:Jueyin_Instance,,4,zz:ZhengJia(9.6184); zz:LouXiaBuZhi(9.6184); zz:TaiDong(9.6184); 【金匮20-2】(9.6184)
fj:JiaoAiTang,胶艾汤证,lj:Taiyin_Instance,,3,zz:BanChanHouXuXiaXue(9.6184); 【金匮20-4】(9.6184); zz:FuTong(5.2965)
fj:DangGuiShaoYaoSan,当归芍药散证,lj:Taiyin_Instance,,3,【金匮20-5】(9.6184); zz:FuZhongJiaoTong(8.6184); zz:ShuiZhong(8.6184)
fj:GanJiangRenShenBanXiaWan,干姜人参半夏丸证,lj:Taiyin_Instance,,3,zz:OuTuBuZhi(9.6184); 【金匮20-6】(9.6184); zz:RenShen(7.6184)
fj:DangGuiBeiMuKuShenWan,当归贝母苦参丸证,lj:Shaoyin_Instance,,3,zz:XiaoBianNan(9.6184); 【金匮20-7】(9.6184); zz:RenShen(7.6184)
fj:KuiHuaFuLingSan,葵子茯苓散证,lj:Taiyang_Instance,,5,【金匮20-8】(9.6184); zz:TouXuan(8.0334); zz:RenShen(7.6184); zz:ShuiQi(6.2965); zz:XiaoBianBuLi(5.0948)
fj:DangGuiSan,当归散证,lj:Taiyin_Instance,,3,zz:ChangFu(9.6184); 【金匮20-9】(9.6184); zz:RenShen(7.6184)
pattern_id,pattern_name,liujing,clause,4,symptom_list(7.0334); pulse_list(7.0334); tongue_list(7.0334); jianjia_list(7.0334)
fj:XiaoChaiHuTang_ChanHou,小柴胡汤证（产后郁冒）,lj:Shaoyang_Instance,【金匮21-2】,6,zz:YuMao(9.6184); zz:DanTouHanChu(8.6184); mx:Pulse_WeiRuo(8.6184); zz:DaBianJian(8.0334); zz:OuBuNengShi(7.6184); zz:ChanHou(6.6184)
fj:DaChengQiTang_ChanHou,大承气汤证（产后胃实）,lj:Yangming_Instance,,5,zz:YuMaoJie(9.6184); zz:BaQiRiGengFaRe(9.6184); 【金匮21-3】(9.6184); zz:NengShi(8.6184); zz:ChanHou(6.6184)
fj:DangGuiShengJiangYangRouTang_ChanHou,当归生姜羊肉汤证（产后腹痛）,lj:Taiyin_Instance,,3,【金匮21-4】(9.6184); zz:FuZhongJiaoTong(8.6184); zz:ChanHou(6.6184)
fj:ZhiShiShaoYaoSan,枳实芍药散证,lj:Jueyin_Instance,,4,zz:FanManBuDeWo(9.6184); 【金匮21-5】(9.6184); zz:ChanHou(6.6184); zz:FuTong(5.2965)
fj:XiaYuXueTang,下瘀血汤证,lj:Jueyin_Instance,,3,zz:FuZhongYouYuXueZhuQiXia(9.6184); 【金匮21-6】(9.6184); zz:ChanHou(6.6184)
fj:ZhuYeTang,竹叶汤证,lj:Taiyang_Instance,【金匮21-7】,8,zz:ZhongFeng(9.6184); zz:Chuan(9.6184); mx:Pulse_XianShu(9.6184); zz:MianChi(8.6184); zz:TouTong(8.0334); zz:ChanHou(6.6184); zz:HanChu(5.3705); zz:FaRe(5.2965)
fj:ZhuPiDaWan,竹皮大丸证,lj:Jueyin_Instance,,5,zz:FanLuan(9.6184); zz:WuWaiZheng(9.6184); 【金匮21-8】(9.6184); zz:OuNi(8.6184); zz:ChanHou(6.6184)
fj:BaiTouWengJiaGanCaoEJiaoTang,白头翁加甘草阿胶汤证（产后下利）,lj:Jueyin_Instance,【金匮21-9】,3,mx:Pulse_XuJi(9.6184); zz:ChanHou(6.6184); zz:XiaLi(5.7115)
fj:BanXiaHouPoFuLingShengJiangTang,半夏厚朴茯苓生姜汤证,lj:Jueyin_Instance,,2,zz:YanZhongRuYouZhiRou(9.6184); 【金匮22-5】(9.6184)
fj:GanCaoXiaoMaiDaZaoTang,甘草小麦大枣汤证,lj:Jueyin_Instance,,5,zz:ZangZao(9.6184); zz:BeiShangYuKu(9.6184); zz:ShuQianShen(9.6184); zz:XiangRuShenLingSuoZuo(9.6184); 【金匮22-6】(9.6184)
fj:WenJingTang_Fuke,温经汤证（妇人杂病）,lj:Jueyin_Instance,,8,zz:NianWuShiSuo(9.6184); zz:XiaXueShuRiBuZhi(9.6184); zz:MuJiFaRe(9.6184); zz:ShaoFuLiJi(9.6184); zz:ShouZhangFanRe(9.6184); zz:ChunKouGanZao(9.6184); 【金匮22-9】(9.6184); zz:FuMan(5.6184)
fj:TuGuaGenSan,土瓜根散证,lj:Jueyin_Instance,,4,zz:JingShuiBuLi(9.6184); zz:ShaoFuManTong(9.6184); zz:HuoYiYueZaiJing(9.6184); 【金匮22-10】(9.6184)
fj:XuanFuHuaTang_Fuke,旋覆花汤证（妇人半产漏下）,lj:Jueyin_Instance,,3,zz:BanChan(9.6184); zz:LouXia(9.6184); 【金匮22-11】(9.6184)
fj:JiaoJiangTang,胶姜汤证,lj:Taiyin_Instance,,3,zz:FuRenXianJingLouXia(9.6184); zz:SeHeiRuKuai(9.6184); 【金匮22-12】(9.6184)
fj:DaHuangGanSuiEJiaoTang,大黄甘遂阿胶汤证,lj:Taiyin_Instance,,4,zz:FuRenShaoFuManRuDunZhuang(9.6184); zz:XiaoBianWeiNan(9.6184); 【金匮22-13】(9.6184); zz:BuKe(6.811)
fj:DiDangTang_Fuke,抵当汤证（妇人经水不利）,lj:Taiyang_Instance,,3,zz:FuRenShiFuTong(9.6184); zz:JingShuiShiXingShiZhi(9.6184); 【金匮22-14】(9.6184)
fj:FanShiWan,矾石丸证,lj:Jueyin_Instance,,4,zz:FuRenJingShuiBi(9.6184); zz:ZangJianBi(9.6184); zz:XiaBaiWuBuZhi(9.6184); 【金匮22-15】(9.6184)
fj:HongLanHuaJiu,红蓝花酒证,lj:Jueyin_Instance,,3,zz:FuRenLiuShiErZhongFeng(9.6184); zz:FuZhongQiXueRuCiTong(9.6184); 【金匮22-16】(9.6184)
fj:DangGuiShaoYaoSan_Fuke,当归芍药散证（妇人腹中痛）,lj:Taiyin_Instance,,2,【金匮22-17】(9.6184); zz:FuRenFuZhongZhuJiTong(8.6184)
fj:XiaoJianZhongTang_Fuke,小建中汤证（妇人腹中痛）,lj:Taiyin_Instance,,2,【金匮22-18】(9.6184); zz:FuRenFuZhongZhuJiTong(8.6184)
fj:ShenQiWan_Fuke,肾气丸证（妇人转胞）,lj:Shaoyin_Instance,,5,zz:FuRen(9.6184); zz:FanReBuDeWo(9.6184); zz:ErFanYiXi(9.6184); 【金匮22-19】(9.6184); zz:YinShiRuGu(8.6184)
fj:SheChuangZiSan,蛇床子散证,lj:Jueyin_Instance,,2,zz:FuRenYinHan(9.6184); 【金匮22-20】(9.6184)
fj:LangYaTang,狼牙汤证,lj:Jueyin_Instance,,3,zz:YinZhongChuang(9.6184); zz:ShiLan(9.6184); 【金匮22-21】(9.6184)
fj:ZhuGaoFaJian_Fuke,猪膏发煎证（妇人阴吹）,lj:Yangming_Instance,,4,zz:WeiQiXiaXie(9.6184); zz:YinChuiErXuan(9.6184); zz:RuShiQi(9.6184); 【金匮22-22】(9.6184)
fj:JiGuanZiSan,鸡冠子散证,lj:Jueyin_Instance,,3,zz:NanRenGuShan(9.6184); zz:NvRenYinTui(9.6184); 【金匮附方】(4.7115)
fj:ZiShiYingWan,紫石英丸证,lj:Jueyin_Instance,,3,zz:FengHan(9.6184); zz:FuRenJingShuiBuDiao(9.6184); 【金匮附方】(4.7115)
fj:ZhiShiTang,枳实汤证,lj:Yangming_Instance,,3,zz:ShiJi(9.6184); zz:FuZhang(8.0334); 【金匮附方】(4.7115)
fj:MuXiangSan,木香散证,lj:Jueyin_Instance,,3,zz:QiNi(9.6184); zz:FuTong(5.2965); 【金匮附方】(4.7115)
fj:YuLiangWan,禹余粮丸证,lj:Taiyin_Instance,,3,zz:JingShuiBuDiao(8.6184); zz:XiaLi(5.7115); 【金匮附方】(4.7115)
fj:ZhiShiFuZiTang,枳实附子汤证,lj:Taiyin_Instance,,3,zz:HanShan(6.2965); zz:FuTong(5.2965); 【金匮附方】(4.7115)
fj:DangGuiLiuHuangTang,当归硫黄汤证,lj:Shaoyin_Instance,,3,zz:YangXu(8.6184); zz:JingShuiBuDiao(8.6184); 【金匮附方】(4.7115)
fj:FuLingSan,茯苓散证,lj:Taiyin_Instance,,3,zz:ShuiQi(6.2965); zz:XiaoBianBuLi(5.0948); 【金匮附方】(4.7115)
fj:ZhuLingSan,猪苓散证,lj:Taiyang_Instance,,3,zz:ShuiQi(6.2965); zz:XiaoBianBuLi(5.0948); 【金匮附方】(4.7115)
fj:ZeXieWan,泽泻丸证,lj:Taiyin_Instance,,3,zz:XuanYin(8.0334); zz:Ke(5.811); 【金匮附方】(4.7115)
fj:MuLiSan,牡蛎散证,lj:Jueyin_Instance,,3,zz:XuFan(8.0334); zz:HanChu(5.3705); 【金匮附方】(4.7115)
fj:FuLingGuiZhiWan,茯苓桂枝丸证,lj:Taiyin_Instance,,3,zz:XinJi(8.6184); zz:ShuiQi(6.2965); 【金匮附方】(4.7115)
fj:ZhiShiGanCaoTang,枳实甘草汤证,lj:Yangming_Instance,,3,zz:FuZhang(8.0334); zz:DaBianJian(8.0334); 【金匮附方】(4.7115)
fj:BanXiaSan,半夏散证,lj:Taiyang_Instance,,2,zz:YanTong(7.6184); 【金匮附方】(4.7115)
fj:GuiZhiHuangLianTang,桂枝黄连汤证,lj:Jueyin_Instance,,3,zz:ReLi(7.6184); zz:FuTong(5.2965); 【金匮附方】(4.7115)
fj:HuangQinSan,黄芩散证,lj:Shaoyang_Instance,,3,zz:ReLi(7.6184); zz:FuTong(5.2965); 【金匮附方】(4.7115)
fj:FuLingBanXiaTang,茯苓半夏汤证,lj:Taiyin_Instance,,3,zz:OuTu(6.6184); zz:XinXiaPi(5.2261); 【金匮附方】(4.7115)
fj:ZhiZiSan,栀子散证,lj:Yangming_Instance,,3,zz:XuFan(8.0334); zz:HanChu(5.3705); 【金匮附方】(4.7115)
fj:ShiGaoSan,石膏散证,lj:Yangming_Instance,,3,zz:DaKe(8.0334); zz:ShenRe(6.4485); 【金匮附方】(4.7115)
fj:ZhiMuSan,知母散证,lj:Yangming_Instance,,3,zz:Re(8.0334); zz:Ke(5.811); 【金匮附方】(4.7115)
fj:ShengDiHuangWan,生地黄丸证,lj:Shaoyin_Instance,,3,zz:XuLao(9.6184); zz:ShaoFuTong(8.6184); 【金匮附方】(4.7115)
fj:DanPiSan,丹皮散证,lj:Jueyin_Instance,,3,zz:YuXue(9.6184); zz:ShaoFuTong(8.6184); 【金匮附方】(4.7115)
fj:ChaiHuSan,柴胡散证,lj:Shaoyang_Instance,,3,zz:WangLaiHanRe(7.2965); zz:XiongMan(6.0334); 【金匮附方】(4.7115)
fj:QinPiSan,秦皮散证,lj:Jueyin_Instance,,3,zz:ReLi(7.6184); zz:YanTong(7.6184); 【金匮附方】(4.7115)
fj:ZiShenTang,紫参汤证（附）,lj:Jueyin_Instance,,3,zz:XiaLi(5.7115); zz:FuTong(5.2965); 【金匮附方】(4.7115)
fj:LiuHuangSan,硫黄散证,lj:Shaoyin_Instance,,3,zz:HanZheng(9.6184); zz:YangXu(8.6184); 【金匮附方】(4.7115)
fj:XiongHuangWan,雄黄丸证,lj:Taiyang_Instance,,3,zz:ChongDu(9.6184); zz:FuTong(5.2965); 【金匮附方】(4.7115)
fj:ZhuShaWan,朱砂丸证,lj:Jueyin_Instance,,3,zz:JingKong(8.6184); zz:XinJi(8.6184); 【金匮附方】(4.7115)
fj:SuHeXiangWan,苏合香丸证,lj:Jueyin_Instance,,3,zz:JueNi(9.6184); zz:FuTong(5.2965); 【金匮附方】(4.7115)
fj:SheXiangWan,麝香丸证,lj:Jueyin_Instance,,3,zz:ZhongE(9.6184); zz:FuTong(5.2965); 【金匮附方】(4.7115)
