pattern_id,pattern_name,feature,weight,abs_weight
fj:BaiHeDiHuangTang,百合地黄汤证,zz:XiaoBianChi,4.3298,4.3298
fj:BaiHeDiHuangTang,百合地黄汤证,mx:Pulse_WeiShu,2.3935,2.3935
fj:BaiHeDiHuangTang,百合地黄汤证,zz:KouKu,1.1713,1.1713
fj:BaiHeHuaShiDaiZheTang,百合滑石代赭汤证,【金匮3-2】,7.8945,7.8945
fj:BaiHeHuaShiSan,百合滑石散证,【金匮3-7】,4.0061,4.0061
fj:BaiHeHuaShiSan,百合滑石散证,BianFaRe,3.8884,3.8884
fj:BaiHeJiZiHuangTang,百合鸡子黄汤证,【金匮3-3】,7.8945,7.8945
fj:BaiHeXiFang,百合洗方证,BianChengKe,6.1989,6.1989
fj:BaiHeXiFang,百合洗方证,【金匮3-6】,1.4684,1.4684
fj:BaiHeZhiMuTang,百合知母汤证,【金匮3-1】,7.8946,7.8946
fj:BaiHuJiaGuiZhiRenShenTang,白虎加桂枝人参汤证,【金匮4-4】,2.454,2.454
fj:BaiHuJiaGuiZhiRenShenTang,白虎加桂枝人参汤证,zz:ShaoQi,1.9073,1.9073
fj:BaiHuJiaGuiZhiRenShenTang,白虎加桂枝人参汤证,zz:DanRe,1.8744,1.8744
fj:BaiHuJiaGuiZhiRenShenTang,白虎加桂枝人参汤证,Fan,1.5286,1.5286
fj:BaiHuJiaGuiZhiRenShenTang,白虎加桂枝人参汤证,zz:ShouZuRe,0.1303,0.1303
fj:BaiHuJiaGuiZhiTang,白虎加桂枝汤证,zz:ShiZuoOu,3.8524,3.8524
fj:BaiHuJiaGuiZhiTang,白虎加桂枝汤证,【金匮4-5】,2.7982,2.7982
fj:BaiHuJiaGuiZhiTang,白虎加桂枝汤证,zz:ShenWuHanDanRe,1.2441,1.2441
fj:BaiHuJiaRenShenTang,白虎加人参汤证,sx:SheJiang,7.6673,7.6673
fj:BaiHuJiaRenShenTang_JinKui,白虎加人参汤证（金匮）,mx:Pulse_Hong,3.8041,3.8041
fj:BaiHuJiaRenShenTang_JinKui,白虎加人参汤证（金匮）,zz:EFeng__AND__zz:Ke,3.1526,3.1526
fj:BaiHuJiaRenShenTang_JinKui,白虎加人参汤证（金匮）,zz:HanChu__AND__zz:Ke,0.9378,0.9378
fj:BaiTouWengJiaGanCaoEJiaoTang,白头翁加甘草阿胶汤证（产后下利）,mx:Pulse_XuJi,7.8945,7.8945
fj:BaiYeTang,柏叶汤证,zz:TuXueBuZhi,4.8258,4.8258
fj:BaiYeTang,柏叶汤证,【金匮16-18】,3.0687,3.0687
fj:BaiZhuFuZiTang,白术附子汤证,zz:XiaoBianZiLi,7.8945,7.8945
fj:BaiZhuZhiShiGanJiangBaiMiTang,白术枳实干姜白蜜汤证,【10.19】,7.6673,7.6673
fj:BanXiaFuLingTang,半夏茯苓汤证,【10.20】,7.8946,7.8946
fj:BanXiaHouPoFuLingShengJiangTang,半夏厚朴茯苓生姜汤证,【金匮22-5】,5.6608,5.6608
fj:BanXiaHouPoFuLingShengJiangTang,半夏厚朴茯苓生姜汤证,zz:YanZhongRuYouZhiRou,2.2338,2.2338
fj:BanXiaSan,半夏散证,zz:YanTong,7.2189,7.2189
fj:BanXiaSan,半夏散证,【金匮附方】,0.2949,0.2949
fj:BanXiaXieXinTang_JinKui,半夏泻心汤证（金匮）,【金匮11-19】,4.59,4.59
fj:BanXiaXieXinTang_JinKui,半夏泻心汤证（金匮）,zz:OuErChangMing,3.3045,3.3045
fj:BenQiTang,奔豚汤证,zz:BenQi,5.073,5.073
fj:BenQiTang,奔豚汤证,【金匮8-2】,2.5943,2.5943
fj:BenQiTang_JinKui,奔豚汤证（奔豚气）,zz:BenQi,5.073,5.073
fj:BenQiTang_JinKui,奔豚汤证（奔豚气）,【金匮8-2】,2.5943,2.5943
fj:BieJiaJianWan,鳖甲煎丸证,zz:NueMu,5.3603,5.3603
fj:BieJiaJianWan,鳖甲煎丸证,【金匮4-2】,2.5343,2.5343
fj:ChaiHuGuiJiangTang,柴胡桂姜汤证,zz:NueDuoHan,7.8945,7.8945
fj:ChaiHuSan,柴胡散证,zz:XiongMan__AND__【金匮附方】,7.8945,7.8945
fj:ChaiHuShaoYaoZhiShiGanCaoTang,柴胡芍药枳实甘草汤证,【10.5】,7.8946,7.8946
fj:ChiXiaoDouDangGuiSan,赤小豆当归散证,【金匮3-13】,4.7031,4.7031
fj:ChiXiaoDouDangGuiSan,赤小豆当归散证,zz:MuChiRuJiuYan,1.9157,1.9157
fj:ChiXiaoDouDangGuiSan,赤小豆当归散证,zz:MuSiJieHei,1.2757,1.2757
fj:ChiXiaoDouDangGuiSan_JinKui,赤小豆当归散证（便血）,zz:XianXueHouBian,3.6106,3.6106
fj:ChiXiaoDouDangGuiSan_JinKui,赤小豆当归散证（便血）,zz:SeXianHong,2.1901,2.1901
fj:ChiXiaoDouDangGuiSan_JinKui,赤小豆当归散证（便血）,【金匮16-16】,2.0939,2.0939
fj:DaChaiHuTang,大柴胡汤证,jj:QiStagnation,7.8946,7.8946
fj:DaChengQiTang_ChanHou,大承气汤证（产后胃实）,zz:BaQiRiGengFaRe,3.8282,3.8282
fj:DaChengQiTang_ChanHou,大承气汤证（产后胃实）,【金匮21-3】,2.3043,2.3043
fj:DaChengQiTang_ChanHou,大承气汤证（产后胃实）,zz:YuMaoJie,1.762,1.762
fj:DaChengQiTang_JinKui,大承气汤证（金匮）,zz:WoBuZhaoXi,3.3828,3.3828
fj:DaChengQiTang_JinKui,大承气汤证（金匮）,zz:KouJin,2.3018,2.3018
fj:DaChengQiTang_JinKui,大承气汤证（金匮）,zz:JiaoLuanJi,1.8865,1.8865
fj:DaChengQiTang_JinKui,大承气汤证（金匮）,【金匮2-13】,0.3235,0.3235
fj:DaHuangFuZiXiXinTang,大黄附子细辛汤证,【9.102】,6.7649,6.7649
fj:DaHuangFuZiXiXinTang,大黄附子细辛汤证,zz:XieXiaPianTong,4.3086,4.3086
fj:DaHuangFuZiXiXinTang,大黄附子细辛汤证,zz:FaWeiRe,1.2632,1.2632
fj:DaHuangFuZiXiXinTang,大黄附子细辛汤证,mx:Pulse_XianJin,0.9686,0.9686
fj:DaHuangFuZiXiXinTang_JinKui,大黄附子细辛汤证（腹满）,zz:XieXiaPianTong,3.8171,3.8171
fj:DaHuangFuZiXiXinTang_JinKui,大黄附子细辛汤证（腹满）,mx:Pulse_XianJin,3.1815,3.1815
fj:DaHuangFuZiXiXinTang_JinKui,大黄附子细辛汤证（腹满）,zz:FaWeiRe,0.6687,0.6687
fj:DaHuangGanSuiEJiaoTang,大黄甘遂阿胶汤证,zz:XiaoBianWeiNan,3.8344,3.8344
fj:DaHuangGanSuiEJiaoTang,大黄甘遂阿胶汤证,zz:FuRenShaoFuManRuDunZhuang,2.617,2.617
fj:DaHuangGanSuiEJiaoTang,大黄甘遂阿胶汤证,【金匮22-13】,1.4431,1.4431
fj:DaHuangMuDanTang_JinKui,大黄牡丹汤证（肠痈）,zz:AnZhiJiTong,2.5615,2.5615
fj:DaHuangMuDanTang_JinKui,大黄牡丹汤证（肠痈）,zz:EHan,2.3205,2.3205
fj:DaHuangMuDanTang_JinKui,大黄牡丹汤证（肠痈）,zz:ShaoFuZhongPi,1.8346,1.8346
fj:DaHuangMuDanTang_JinKui,大黄牡丹汤证（肠痈）,【金匮18-4】,1.178,1.178
fj:DaHuangXiaoShiTang_JinKui,大黄硝石汤证（黄疸）,【金匮15-19】,7.8945,7.8945
fj:DaHuangZheChongWan,大黄?虫丸证,zz:LiangMuAnHei,3.342,3.342
fj:DaHuangZheChongWan,大黄?虫丸证,【金匮6-18】,2.1822,2.1822
fj:DaHuangZheChongWan,大黄?虫丸证,zz:JiFuJiaCuo,2.1431,2.1431
fj:DaHuangZheChongWan_JinKui,大黄?虫丸证（虚劳）,zz:LiangMuAnHei,3.342,3.342
fj:DaHuangZheChongWan_JinKui,大黄?虫丸证（虚劳）,【金匮6-18】,2.1822,2.1822
fj:DaHuangZheChongWan_JinKui,大黄?虫丸证（虚劳）,zz:JiFuJiaCuo,2.1431,2.1431
fj:DaJianZhongTang,大建中汤证,zz:FuZhongHan,2.7296,2.7296
fj:DaJianZhongTang,大建中汤证,zz:FuZhongHanTong,2.1308,2.1308
fj:DaJianZhongTang,大建中汤证,zz:ShangChongPiQi,1.4108,1.4108
fj:DaJianZhongTang,大建中汤证,【金匮10-14】,1.3961,1.3961
fj:DaJianZhongTang_JinKui,大建中汤证（腹满）,zz:FuZhongHan,2.7296,2.7296
fj:DaJianZhongTang_JinKui,大建中汤证（腹满）,zz:FuZhongHanTong,2.1308,2.1308
fj:DaJianZhongTang_JinKui,大建中汤证（腹满）,zz:ShangChongPiQi,1.4108,1.4108
fj:DaJianZhongTang_JinKui,大建中汤证（腹满）,【金匮10-14】,1.3961,1.3961
fj:DaQingLongTang_JinKui,大青龙汤证（金匮）,zz:ShenTiTengZhong,4.3297,4.3297
fj:DaQingLongTang_JinKui,大青龙汤证（金匮）,【金匮12-29】,1.9728,1.9728
fj:DaQingLongTang_JinKui,大青龙汤证（金匮）,zz:YiYin,1.1774,1.1774
fj:DaWuTouJian_JinKui,大乌头煎证（金匮）,zz:ShouZuJueLeng,3.8692,3.8692
fj:DaWuTouJian_JinKui,大乌头煎证（金匮）,zz:RaoQiErTong,2.3138,2.3138
fj:DaWuTouJian_JinKui,大乌头煎证（金匮）,【金匮10-17】,1.7115,1.7115
fj:DanPiSan,丹皮散证,zz:YuXue,7.8945,7.8945
fj:DangGuiBeiMuKuShenWan,当归贝母苦参丸证,zz:XiaoBianNan,4.3967,4.3967
fj:DangGuiBeiMuKuShenWan,当归贝母苦参丸证,【金匮20-7】,3.4979,3.4979
fj:DangGuiLiuHuangTang,当归硫黄汤证,zz:YangXu,3.9145,3.9145
fj:DangGuiLiuHuangTang,当归硫黄汤证,zz:JingShuiBuDiao,3.9143,3.9143
fj:DangGuiSan,当归散证,【金匮20-9】,5.6619,5.6619
fj:DangGuiSan,当归散证,zz:ChangFu,2.2326,2.2326
fj:DangGuiShaoYaoSan,当归芍药散证,【金匮20-5】,7.8945,7.8945
fj:DangGuiShaoYaoSan_Fuke,当归芍药散证（妇人腹中痛）,【金匮22-17】,7.8945,7.8945
fj:DangGuiShengJiangYangRouTang_ChanHou,当归生姜羊肉汤证（产后腹痛）,【金匮21-4】,7.8945,7.8945
fj:DangGuiShengJiangYangRouTang_JinKui,当归生姜羊肉汤证（金匮）,【金匮10-18】,4.1165,4.1165
fj:DangGuiShengJiangYangRouTang_JinKui,当归生姜羊肉汤证（金匮）,zz:XieTongLiJi,3.7781,3.7781
fj:DangGuiSiNiTang,当归四逆汤证,【11.26】,7.8946,7.8946
fj:DiDangTang_Fuke,抵当汤证（妇人经水不利）,zz:JingShuiShiXingShiZhi,2.9679,2.9679
fj:DiDangTang_Fuke,抵当汤证（妇人经水不利）,【金匮22-14】,2.7339,2.7339
fj:DiDangTang_Fuke,抵当汤证（妇人经水不利）,zz:FuRenShiFuTong,2.1927,2.1927
fj:DiDangWan,抵当丸证,jj:BloodStasis,7.6673,7.6673
fj:FanShiWan,矾石丸证,zz:XiaBaiWuBuZhi,4.145,4.145
fj:FanShiWan,矾石丸证,zz:FuRenJingShuiBi,2.1416,2.1416
fj:FanShiWan,矾石丸证,zz:ZangJianBi,1.0488,1.0488
fj:FanShiWan,矾石丸证,【金匮22-15】,0.5591,0.5591
fj:FangJiFuLingTang,防己茯苓汤证,zz:PiShui,3.4121,3.4121
fj:FangJiFuLingTang,防己茯苓汤证,zz:PiFuZhongHongHongDong,1.7998,1.7998
fj:FangJiFuLingTang,防己茯苓汤证,zz:SiZhiZhong,1.4571,1.4571
fj:FangJiFuLingTang,防己茯苓汤证,【金匮14-6】,1.2256,1.2256
fj:FangJiHuangQiTang,防己黄芪汤证,zz:FuShenZhong,7.8945,7.8945
fj:FangJiHuangQiTang_JinKui,防己黄芪汤证（水气）,zz:ShenZhong__AND__zz:EFeng,3.3579,3.3579
fj:FangJiHuangQiTang_JinKui,防己黄芪汤证（水气）,zz:ShenZhong__AND__zz:HanChu,2.3406,2.3406
fj:FangJiHuangQiTang_JinKui,防己黄芪汤证（水气）,zz:FengShui__AND__zz:ShenZhong,2.1961,2.1961
fj:FangJiJiaoMuZhuLiDaHuangWan,防己椒目葶苈大黄丸证,【金匮12-39】,4.2781,4.2781
fj:FangJiJiaoMuZhuLiDaHuangWan,防己椒目葶苈大黄丸证,zz:KouSheGanZao,2.3452,2.3452
fj:FangJiJiaoMuZhuLiDaHuangWan,防己椒目葶苈大黄丸证,zz:ChangJianYouShuiQi,1.2713,1.2713
fj:FuLingBanXiaTang,茯苓半夏汤证,zz:OuTu__AND__zz:XinXiaPi,4.2169,4.2169
fj:FuLingBanXiaTang,茯苓半夏汤证,zz:OuTu__AND__【金匮附方】,2.6428,2.6428
fj:FuLingBanXiaTang,茯苓半夏汤证,zz:XinXiaPi__AND__【金匮附方】,1.0349,1.0349
fj:FuLingGanCaoTang_JinKui,茯苓甘草汤证（金匮）,zz:JueErXinXiaJi,6.7649,6.7649
fj:FuLingGanCaoTang_JinKui,茯苓甘草汤证（金匮）,【金匮14-8】,2.6901,2.6901
fj:FuLingGanCaoTang_JinKui,茯苓甘草汤证（金匮）,zz:XiaoBianBuLi__AND__zz:Ke,2.6461,2.6461
fj:FuLingGanCaoTang_JinKui,茯苓甘草汤证（金匮）,zz:ShuiQi__AND__zz:Ke,1.2042,1.2042
fj:FuLingGanCaoTang_LiShui,茯苓甘草汤证（水气病）,zz:XiaoBianBuLi__AND__zz:Ke,4.562,4.562
fj:FuLingGanCaoTang_LiShui,茯苓甘草汤证（水气病）,【金匮14-8】,1.5604,1.5604
fj:FuLingGanCaoTang_LiShui,茯苓甘草汤证（水气病）,zz:ShuiQi__AND__zz:Ke,1.5448,1.5448
fj:FuLingGanCaoTang_ZhiYin,茯苓甘草汤证（支饮）,【金匮12-32】,7.8945,7.8945
fj:FuLingGuiZhiWan,茯苓桂枝丸证,zz:XinJi,4.6817,4.6817
fj:FuLingGuiZhiWan,茯苓桂枝丸证,zz:ShuiQi__AND__【金匮附方】,3.1303,3.1303
fj:FuLingJianZhongTang,茯苓建中汤证,【金匮12-26】,5.6637,5.6637
fj:FuLingJianZhongTang,茯苓建中汤证,zz:XinXiaYin,2.2308,2.2308
fj:FuLingSan,茯苓散证,zz:XiaoBianBuLi__AND__【金匮附方】,7.6673,7.6673
fj:FuLingXingRenGanCaoTang,茯苓杏仁甘草汤证,zz:DuanQi__AND__zz:XiongBi,3.5069,3.5069
fj:FuLingXingRenGanCaoTang,茯苓杏仁甘草汤证,zz:XiongZhongQiSai,2.0743,2.0743
fj:FuLingXingRenGanCaoTang,茯苓杏仁甘草汤证,【金匮9-6】,1.7419,1.7419
fj:FuLingXingRenGanCaoTang_JinKui,茯苓杏仁甘草汤证（胸痹）,zz:DuanQi__AND__zz:XiongBi,3.5069,3.5069
fj:FuLingXingRenGanCaoTang_JinKui,茯苓杏仁甘草汤证（胸痹）,zz:XiongZhongQiSai,2.0743,2.0743
fj:FuLingXingRenGanCaoTang_JinKui,茯苓杏仁甘草汤证（胸痹）,【金匮9-6】,1.7419,1.7419
fj:FuZiJingMiTang,附子粳米汤证,zz:NiMan,3.6883,3.6883
fj:FuZiJingMiTang,附子粳米汤证,zz:FuZhongQieTong,2.0956,2.0956
fj:FuZiJingMiTang,附子粳米汤证,【金匮10-10】,1.0065,1.0065
fj:FuZiJingMiTang,附子粳米汤证,zz:LeiMing,0.8769,0.8769
fj:FuZiJingMiTang_JinKui,附子粳米汤证（腹满）,zz:NiMan,3.6883,3.6883
fj:FuZiJingMiTang_JinKui,附子粳米汤证（腹满）,zz:FuZhongQieTong,2.0956,2.0956
fj:FuZiJingMiTang_JinKui,附子粳米汤证（腹满）,【金匮10-10】,1.0065,1.0065
fj:FuZiJingMiTang_JinKui,附子粳米汤证（腹满）,zz:LeiMing,0.8769,0.8769
fj:FuZiTang,附子汤证,【11.24】,7.8946,7.8946
fj:GanCaoFuZiTang,甘草附子汤证,【金匮2-24】,2.3366,2.3366
fj:GanCaoFuZiTang,甘草附子汤证,zz:DuanQi__AND__zz:HanChu,1.9406,1.9406
fj:GanCaoFuZiTang,甘草附子汤证,zz:HanChu__AND__zz:XiaoBianBuLi,1.4611,1.4611
fj:GanCaoFuZiTang,甘草附子汤证,zz:DuanQi__AND__zz:XiaoBianBuLi,0.8714,0.8714
fj:GanCaoFuZiTang,甘草附子汤证,zz:DuanQi__AND__zz:EFeng,0.5483,0.5483
fj:GanCaoFuZiTang,甘草附子汤证,zz:CheTong,0.3715,0.3715
fj:GanCaoFuZiTang,甘草附子汤证,zz:EFeng__AND__zz:XiaoBianBuLi,0.365,0.365
fj:GanCaoGanJiangTang,甘草干姜汤证,【金匮7-5】,4.8932,4.8932
fj:GanCaoGanJiangTang,甘草干姜汤证,zz:TuXianMo__AND__zz:BuKe,3.0014,3.0014
fj:GanCaoMaHuangTang,甘草麻黄汤证,zz:ShenMuHuangZhong__AND__zz:LiShui,2.4213,2.4213
fj:GanCaoMaHuangTang,甘草麻黄汤证,zz:LiShui__AND__mx:Pulse_Chen,2.3085,2.3085
fj:GanCaoMaHuangTang,甘草麻黄汤证,zz:LiShui,1.0046,1.0046
fj:GanCaoMaHuangTang,甘草麻黄汤证,zz:ShenMuHuangZhong,0.8563,0.8563
fj:GanCaoMaHuangTang,甘草麻黄汤证,zz:ShenMuHuangZhong__AND__mx:Pulse_Chen,0.4736,0.4736
fj:GanCaoMaHuangTang_JinKui,甘草麻黄汤证（水气）,zz:ShenMuHuangZhong__AND__zz:LiShui,2.4213,2.4213
fj:GanCaoMaHuangTang_JinKui,甘草麻黄汤证（水气）,zz:LiShui__AND__mx:Pulse_Chen,2.3085,2.3085
fj:GanCaoMaHuangTang_JinKui,甘草麻黄汤证（水气）,zz:LiShui,1.0046,1.0046
fj:GanCaoMaHuangTang_JinKui,甘草麻黄汤证（水气）,zz:ShenMuHuangZhong,0.8563,0.8563
fj:GanCaoMaHuangTang_JinKui,甘草麻黄汤证（水气）,zz:ShenMuHuangZhong__AND__mx:Pulse_Chen,0.4736,0.4736
fj:GanCaoMaHuangTang_LiShui,甘草麻黄汤证（水气病）,zz:ShenMuHuangZhong__AND__zz:LiShui,2.4213,2.4213
fj:GanCaoMaHuangTang_LiShui,甘草麻黄汤证（水气病）,zz:LiShui__AND__mx:Pulse_Chen,2.3085,2.3085
fj:GanCaoMaHuangTang_LiShui,甘草麻黄汤证（水气病）,zz:LiShui,1.0046,1.0046
fj:GanCaoMaHuangTang_LiShui,甘草麻黄汤证（水气病）,zz:ShenMuHuangZhong,0.8563,0.8563
fj:GanCaoMaHuangTang_LiShui,甘草麻黄汤证（水气病）,zz:ShenMuHuangZhong__AND__mx:Pulse_Chen,0.4736,0.4736
fj:GanCaoXiaoMaiDaZaoTang,甘草小麦大枣汤证,【金匮22-6】,3.7761,3.7761
fj:GanCaoXiaoMaiDaZaoTang,甘草小麦大枣汤证,zz:BeiShangYuKu,1.5636,1.5636
fj:GanCaoXiaoMaiDaZaoTang,甘草小麦大枣汤证,zz:ZangZao,1.2517,1.2517
fj:GanCaoXiaoMaiDaZaoTang,甘草小麦大枣汤证,zz:XiangRuShenLingSuoZuo,0.6588,0.6588
fj:GanCaoXiaoMaiDaZaoTang,甘草小麦大枣汤证,zz:ShuQianShen,0.6443,0.6443
fj:GanCaoXieXinTang_JinKui,甘草泻心汤证（金匮）,zz:MuBuDeBi,4.0595,4.0595
fj:GanCaoXieXinTang_JinKui,甘草泻心汤证（金匮）,zz:ShengGa,2.6452,2.6452
fj:GanCaoXieXinTang_JinKui,甘草泻心汤证（金匮）,zz:WoQiBuAn,1.1898,1.1898
fj:GanCaoXieXinTang_ZhuOu,甘草泻心汤证（金匮诸呕）,【金匮11-18】,6.1029,6.1029
fj:GanCaoXieXinTang_ZhuOu,甘草泻心汤证（金匮诸呕）,zz:Ou,1.7916,1.7916
fj:GanJiangBanXiaTang,干姜半夏汤证,【金匮11-15】,7.6673,7.6673
fj:GanJiangBanXiaTang_JinKui,干姜半夏汤证（呕吐）,【金匮11-15】,7.6673,7.6673
fj:GanJiangHuangQinHuangLianRenShenTang_JinKui,干姜黄芩黄连人参汤证（金匮）,zz:ShiRuKouJiTu,4.813,4.813
fj:GanJiangHuangQinHuangLianRenShenTang_JinKui,干姜黄芩黄连人参汤证（金匮）,【金匮11-22】,3.0815,3.0815
fj:GanJiangRenShenBanXiaWan,干姜人参半夏丸证,zz:OuTuBuZhi,4.502,4.502
fj:GanJiangRenShenBanXiaWan,干姜人参半夏丸证,【金匮20-6】,3.3925,3.3925
fj:GanSuiBanXiaTang,甘遂半夏汤证,zz:XinXiaJianMan,5.2555,5.2555
fj:GanSuiBanXiaTang,甘遂半夏汤证,【金匮12-27】,1.6437,1.6437
fj:GanSuiBanXiaTang,甘遂半夏汤证,zz:LiuYin,0.768,0.768
fj:GanSuiBanXiaTang_JinKui,甘遂半夏汤证（痰饮）,zz:XinXiaJianMan,5.2555,5.2555
fj:GanSuiBanXiaTang_JinKui,甘遂半夏汤证（痰饮）,【金匮12-27】,1.6437,1.6437
fj:GanSuiBanXiaTang_JinKui,甘遂半夏汤证（痰饮）,zz:LiuYin,0.768,0.768
fj:GeGenHuangQinHuangLianTang,葛根芩连汤证,sx:TaiBaiFu,7.8945,7.8945
fj:GeGenTang_JinKui,葛根汤证（金匮）,【金匮2-12】,2.5901,2.5901
fj:GeGenTang_JinKui,葛根汤证（金匮）,zz:XiaoBianFanShao,2.4575,2.4575
fj:GeGenTang_JinKui,葛根汤证（金匮）,zz:KouJinBuDeYu,2.1394,2.1394
fj:GeGenTang_JinKui,葛根汤证（金匮）,zz:WuHan,0.7075,0.7075
fj:GuaLouGuiZhiTang,栝楼桂枝汤证,zz:Ren,4.3768,4.3768
fj:GuaLouGuiZhiTang,栝楼桂枝汤证,mx:Pulse_Chen_Chi,2.6576,2.6576
fj:GuaLouGuiZhiTang,栝楼桂枝汤证,zz:ShenTiQiangJiJi,0.8602,0.8602
fj:GuaLouMuLiSan,栝蒌牡蛎散证,BianChengKe,6.1989,6.1989
fj:GuaLouMuLiSan,栝蒌牡蛎散证,【金匮3-6】,1.4684,1.4684
fj:GuaLouXieBaiBaiJiuTang,瓜蒌薤白白酒汤证,GuanShangXiaoJinShu,3.6748,3.6748
fj:GuaLouXieBaiBaiJiuTang,瓜蒌薤白白酒汤证,zz:XiongBeiTong,2.241,2.241
fj:GuaLouXieBaiBaiJiuTang,瓜蒌薤白白酒汤证,mx:Pulse_ChenChi,1.3183,1.3183
fj:GuaLouXieBaiBaiJiuTang,瓜蒌薤白白酒汤证,zz:ChuanXiKeChuo,0.4332,0.4332
fj:GuaLouXieBaiBaiJiuTang_JinKui,瓜蒌薤白白酒汤证（胸痹）,GuanShangXiaoJinShu,3.6748,3.6748
fj:GuaLouXieBaiBaiJiuTang_JinKui,瓜蒌薤白白酒汤证（胸痹）,zz:XiongBeiTong,2.241,2.241
fj:GuaLouXieBaiBaiJiuTang_JinKui,瓜蒌薤白白酒汤证（胸痹）,mx:Pulse_ChenChi,1.3183,1.3183
fj:GuaLouXieBaiBaiJiuTang_JinKui,瓜蒌薤白白酒汤证（胸痹）,zz:ChuanXiKeChuo,0.4332,0.4332
fj:GuaLouXieBaiBanXiaTang,瓜蒌薤白半夏汤证,zz:XinTongCheBei,4.0042,4.0042
fj:GuaLouXieBaiBanXiaTang,瓜蒌薤白半夏汤证,【金匮9-4】,2.5622,2.5622
fj:GuaLouXieBaiBanXiaTang,瓜蒌薤白半夏汤证,zz:BuDeWo,1.1009,1.1009
fj:GuaLouXieBaiBanXiaTang_JinKui,瓜蒌薤白半夏汤证（胸痹）,zz:XinTongCheBei,4.0042,4.0042
fj:GuaLouXieBaiBanXiaTang_JinKui,瓜蒌薤白半夏汤证（胸痹）,【金匮9-4】,2.5622,2.5622
fj:GuaLouXieBaiBanXiaTang_JinKui,瓜蒌薤白半夏汤证（胸痹）,zz:BuDeWo,1.1009,1.1009
fj:GuiZhiFuLingWan,桂枝茯苓丸证,【金匮20-2】,3.2191,3.2191
fj:GuiZhiFuLingWan,桂枝茯苓丸证,zz:TaiDong,2.3786,2.3786
fj:GuiZhiFuLingWan,桂枝茯苓丸证,zz:LouXiaBuZhi,2.1955,2.1955
fj:GuiZhiFuLingWan,桂枝茯苓丸证,zz:ZhengJia,0.1013,0.1013
fj:GuiZhiFuZiTang,桂枝附子汤证,zz:BuOu,3.1895,3.1895
fj:GuiZhiFuZiTang,桂枝附子汤证,zz:BuNengZiZhuanCe,3.1262,3.1262
fj:GuiZhiFuZiTang,桂枝附子汤证,BuKe,1.5788,1.5788
fj:GuiZhiHuangLianTang,桂枝黄连汤证,zz:ReLi,5.6732,5.6732
fj:GuiZhiHuangLianTang,桂枝黄连汤证,zz:FuTong__AND__【金匮附方】,1.9241,1.9241
fj:GuiZhiJiaDaHuangTang,桂枝加大黄汤证,【10.17】,7.6673,7.6673
fj:GuiZhiJiaFuZiTang,桂枝加附子汤证,jj:WaterRetention,7.3231,7.3231
fj:GuiZhiJiaHuangQiTang_HuangHan,桂枝加黄芪汤证（黄汗）,zz:YiShangHanChu,4.1717,4.1717
fj:GuiZhiJiaHuangQiTang_HuangHan,桂枝加黄芪汤证（黄汗）,【金匮14-12】,1.8405,1.8405
fj:GuiZhiJiaHuangQiTang_HuangHan,桂枝加黄芪汤证（黄汗）,zz:YaoKuiChiTong,1.6551,1.6551
fj:GuiZhiJiaHuangQiTang_JinKui,桂枝加黄芪汤证（黄汗）,zz:YiShangHanChu,4.1717,4.1717
fj:GuiZhiJiaHuangQiTang_JinKui,桂枝加黄芪汤证（黄汗）,【金匮14-12】,1.8405,1.8405
fj:GuiZhiJiaHuangQiTang_JinKui,桂枝加黄芪汤证（黄汗）,zz:YaoKuiChiTong,1.6551,1.6551
fj:GuiZhiJiaShaoYaoTang,桂枝加芍药汤证,【10.17】,7.6673,7.6673
fj:GuiZhiLongGuMuLiTang_JinKui,桂枝龙骨牡蛎汤证（虚劳）,mx:Pulse_XuKongChi,7.8945,7.8945
fj:GuiZhiQuGuiJiaFuLingBaiZhuTang,桂枝去桂加茯苓白术汤证,jj:WaterRetention,7.3231,7.3231
fj:GuiZhiQuShaoYaoJiaFuLingBaiZhuTang,桂枝去芍药加茯苓白术汤证,【10.24】,7.8946,7.8946
fj:GuiZhiShaoYaoZhiMuTang,桂枝芍药知母汤证,zz:ShenTiWangLei,4.3637,4.3637
fj:GuiZhiShaoYaoZhiMuTang,桂枝芍药知母汤证,zz:TouXuanDuanQi,1.3434,1.3434
fj:GuiZhiShaoYaoZhiMuTang,桂枝芍药知母汤证,zz:JiaoZhongRuTuo,1.2471,1.2471
fj:GuiZhiShaoYaoZhiMuTang,桂枝芍药知母汤证,【金匮5-8】,0.4842,0.4842
fj:GuiZhiShaoYaoZhiMuTang,桂枝芍药知母汤证,zz:YuTu,0.2288,0.2288
fj:GuiZhiShaoYaoZhiMuTang_JinKui,桂枝芍药知母汤证（历节）,zz:ShenTiWangLei,4.3637,4.3637
fj:GuiZhiShaoYaoZhiMuTang_JinKui,桂枝芍药知母汤证（历节）,zz:TouXuanDuanQi,1.3434,1.3434
fj:GuiZhiShaoYaoZhiMuTang_JinKui,桂枝芍药知母汤证（历节）,zz:JiaoZhongRuTuo,1.2471,1.2471
fj:GuiZhiShaoYaoZhiMuTang_JinKui,桂枝芍药知母汤证（历节）,【金匮5-8】,0.4842,0.4842
fj:GuiZhiShaoYaoZhiMuTang_JinKui,桂枝芍药知母汤证（历节）,zz:YuTu,0.2288,0.2288
fj:GuiZhiShengJiangZhiShiTang,桂枝生姜枳实汤证,zz:XinZhongXuanTong,6.0592,6.0592
fj:GuiZhiShengJiangZhiShiTang,桂枝生姜枳实汤证,【金匮9-8】,1.6081,1.6081
fj:GuiZhiShengJiangZhiShiTang_JinKui,桂枝生姜枳实汤证（胸痹）,zz:XinZhongXuanTong,6.0592,6.0592
fj:GuiZhiShengJiangZhiShiTang_JinKui,桂枝生姜枳实汤证（胸痹）,【金匮9-8】,1.6081,1.6081
fj:HongLanHuaJiu,红蓝花酒证,zz:FuRenLiuShiErZhongFeng,4.027,4.027
fj:HongLanHuaJiu,红蓝花酒证,zz:FuZhongQiXueRuCiTong,3.0162,3.0162
fj:HongLanHuaJiu,红蓝花酒证,【金匮22-16】,0.8513,0.8513
fj:HouPoDaHuangTang,厚朴大黄汤证,【金匮12-33】,4.5778,4.5778
fj:HouPoDaHuangTang,厚朴大黄汤证,zz:XiongMan__AND__zz:ZhiYin,3.3167,3.3167
fj:HouPoMaHuangTang,厚朴麻黄汤证,mx:Pulse_Fu__AND__zz:Ke,7.6673,7.6673
fj:HouPoMaHuangTang_JinKui,厚朴麻黄汤证（肺痿肺痈）,mx:Pulse_Fu__AND__zz:Ke,7.6673,7.6673
fj:HouPoQiWuTang,厚朴七物汤证,【9.99】,6.7649,6.7649
fj:HouPoQiWuTang,厚朴七物汤证,zz:FaRe__AND__zz:FuMan,3.871,3.871
fj:HouPoQiWuTang,厚朴七物汤证,mx:Pulse_FuShu,2.6694,2.6694
fj:HouPoQiWuTang_JinKui,厚朴七物汤证（腹满）,mx:Pulse_FuShu,4.1616,4.1616
fj:HouPoQiWuTang_JinKui,厚朴七物汤证（腹满）,zz:FaRe__AND__zz:FuMan,3.5057,3.5057
fj:HouPoSiWuTang,厚朴四物汤证,【10.22】,7.8946,7.8946
fj:HouPoZhiShiBaiZhuGanCaoTang,厚朴枳实白术甘草汤证,【10.26】,7.8946,7.8946
fj:HuangLianEJiaoTang,黄连阿胶汤证,【11.23】,7.8946,7.8946
fj:HuangLianTang_JinKui,黄连汤证（金匮）,【金匮11-20】,7.8946,7.8946
fj:HuangQiGuiZhiWuWuTang,黄芪桂枝五物汤证,zz:RuFengBi,3.4536,3.4536
fj:HuangQiGuiZhiWuWuTang,黄芪桂枝五物汤证,zz:ShenTiBuRen,2.5976,2.5976
fj:HuangQiGuiZhiWuWuTang,黄芪桂枝五物汤证,zz:XueBi,1.5561,1.5561
fj:HuangQiGuiZhiWuWuTang,黄芪桂枝五物汤证,【金匮6-2】,0.2874,0.2874
fj:HuangQiShaoYaoGuiZhiTang,黄芪芍药桂枝汤证,zz:ShenTiZhong,7.6673,7.6673
fj:HuangQiShaoYaoGuiZhiTang_JinKui,黄芪芍药桂枝汤证（黄汗）,zz:ShenTiZhong,7.6673,7.6673
fj:HuangQiWuWuJiaGanJiangBanXiaTang,黄芪五物加干姜半夏汤证,【10.19】,7.6673,7.6673
fj:HuangQinSan,黄芩散证,zz:ReLi,5.6732,5.6732
fj:HuangQinSan,黄芩散证,zz:FuTong__AND__【金匮附方】,1.9241,1.9241
fj:HuangQinTang_JinKui,黄芩汤证（呕吐）,【金匮11-16】,3.6246,3.6246
fj:HuangQinTang_JinKui,黄芩汤证（呕吐）,zz:GanOu,2.551,2.551
fj:HuangQinTang_JinKui,黄芩汤证（呕吐）,zz:XiaLi,1.711,1.711
fj:HuangTuTang,黄土汤证,zz:XianBianHouXue,3.8885,3.8885
fj:HuangTuTang,黄土汤证,【金匮16-15】,2.5146,2.5146
fj:HuangTuTang,黄土汤证,zz:SeAnDan,1.4915,1.4915
fj:JiGuanZiSan,鸡冠子散证,zz:NvRenYinTui,5.3652,5.3652
fj:JiGuanZiSan,鸡冠子散证,zz:NanRenGuShan,2.5294,2.5294
fj:JiaoAiTang,胶艾汤证,zz:BanChanHouXuXiaXue,4.2749,4.2749
fj:JiaoAiTang,胶艾汤证,【金匮20-4】,3.6197,3.6197
fj:JiaoJiangTang,胶姜汤证,zz:FuRenXianJingLouXia,4.3749,4.3749
fj:JiaoJiangTang,胶姜汤证,【金匮22-12】,3.3294,3.3294
fj:JiaoJiangTang,胶姜汤证,zz:SeHeiRuKuai,0.1902,0.1902
fj:JieGengTang,桔梗汤证,【11.32】,7.8946,7.8946
fj:JiuTongWan_JinKui,九痛丸证（胸痹）,zz:XinXiaTong,6.2277,6.2277
fj:JiuTongWan_JinKui,九痛丸证（胸痹）,【金匮9-10】,1.6669,1.6669
fj:JuPiTang,橘皮汤证（金匮）,【金匮11-12】,5.1082,5.1082
fj:JuPiTang,橘皮汤证（金匮）,zz:GanOuNi,2.1443,2.1443
fj:JuPiTang,橘皮汤证（金匮）,zz:ShouZuJue,0.4147,0.4147
fj:JuPiTang_JinKui,橘皮汤证（呕吐）,【金匮11-12】,5.1082,5.1082
fj:JuPiTang_JinKui,橘皮汤证（呕吐）,zz:GanOuNi,2.1443,2.1443
fj:JuPiTang_JinKui,橘皮汤证（呕吐）,zz:ShouZuJue,0.4147,0.4147
fj:JuPiZhiShiShengJiangTang,橘皮枳实生姜汤证,zz:DuanQi__AND__zz:XiongBi,3.5069,3.5069
fj:JuPiZhiShiShengJiangTang,橘皮枳实生姜汤证,zz:XiongZhongQiSai,2.0743,2.0743
fj:JuPiZhiShiShengJiangTang,橘皮枳实生姜汤证,【金匮9-6】,1.7419,1.7419
fj:JuPiZhiShiShengJiangTang_JinKui,橘皮枳实生姜汤证（胸痹）,zz:DuanQi__AND__zz:XiongBi,3.5069,3.5069
fj:JuPiZhiShiShengJiangTang_JinKui,橘皮枳实生姜汤证（胸痹）,zz:XiongZhongQiSai,2.0743,2.0743
fj:JuPiZhiShiShengJiangTang_JinKui,橘皮枳实生姜汤证（胸痹）,【金匮9-6】,1.7419,1.7419
fj:JuPiZhuRuTang,橘皮竹茹汤证（金匮）,【金匮11-13】,3.4298,3.4298
fj:JuPiZhuRuTang,橘皮竹茹汤证（金匮）,zz:Xu,3.1216,3.1216
fj:JuPiZhuRuTang,橘皮竹茹汤证（金匮）,zz:NiNi,1.1158,1.1158
fj:JuPiZhuRuTang_JinKui,橘皮竹茹汤证（呕吐）,【金匮11-13】,3.4298,3.4298
fj:JuPiZhuRuTang_JinKui,橘皮竹茹汤证（呕吐）,zz:Xu,3.1216,3.1216
fj:JuPiZhuRuTang_JinKui,橘皮竹茹汤证（呕吐）,zz:NiNi,1.1158,1.1158
fj:KuShenTang,苦参汤方证,YanGan,5.6302,5.6302
fj:KuShenTang,苦参汤方证,ShiYuXiaBu,2.2644,2.2644
fj:KuiHuaFuLingSan,葵子茯苓散证,【金匮20-8】,7.8945,7.8945
fj:LangYaTang,狼牙汤证,zz:YinZhongChuang,3.3231,3.3231
fj:LangYaTang,狼牙汤证,【金匮22-21】,2.3563,2.3563
fj:LangYaTang,狼牙汤证,zz:ShiLan,2.2152,2.2152
fj:LiZhongJiaHuangQiTang,理中加黄芪汤证,【10.23】,7.8946,7.8946
fj:LingGuiZhuGanTang,苓桂术甘汤证,zz:MuXuan,2.7448,2.7448
fj:LingGuiZhuGanTang,苓桂术甘汤证,zz:XinXiaYouTanYin,2.2588,2.2588
fj:LingGuiZhuGanTang,苓桂术甘汤证,mx:Pulse_ChenXian,1.5129,1.5129
fj:LingGuiZhuGanTang,苓桂术甘汤证,zz:XiongXieZhiMan,1.1508,1.1508
fj:LingGuiZhuGanTang_JinKui,苓桂术甘汤证（痰饮）,zz:MuXuan,2.7448,2.7448
fj:LingGuiZhuGanTang_JinKui,苓桂术甘汤证（痰饮）,zz:XinXiaYouTanYin,2.2588,2.2588
fj:LingGuiZhuGanTang_JinKui,苓桂术甘汤证（痰饮）,mx:Pulse_ChenXian,1.5129,1.5129
fj:LingGuiZhuGanTang_JinKui,苓桂术甘汤证（痰饮）,zz:XiongXieZhiMan,1.1508,1.1508
fj:LiuHuangSan,硫黄散证,zz:HanZheng,7.8946,7.8946
fj:MaHuangFuZiGanCaoTang,麻黄附子甘草汤证,【11.22】,7.8946,7.8946
fj:MaHuangFuZiGanCaoTang_JinKui,麻黄附子甘草汤证（水气）,zz:MaiChen,4.1709,4.1709
fj:MaHuangFuZiGanCaoTang_JinKui,麻黄附子甘草汤证（水气）,zz:ShuiQi__AND__mx:Pulse_Chen,3.4964,3.4964
fj:MaHuangFuZiGanCaoTang_LiShui,麻黄附子甘草汤证（水气病）,zz:MaiChen,4.1709,4.1709
fj:MaHuangFuZiGanCaoTang_LiShui,麻黄附子甘草汤证（水气病）,zz:ShuiQi__AND__mx:Pulse_Chen,3.4964,3.4964
fj:MaHuangFuZiXiXinTang,麻黄附子细辛汤证,【11.21】,7.8946,7.8946
fj:MaHuangFuZiXiXinTang_JinKui,麻黄附子细辛汤证（金匮）,zz:FaRe__AND__mx:Pulse_Chen,7.8945,7.8945
fj:MaHuangJiaZhuTang,麻黄加术汤证,【金匮2-20】,6.0858,6.0858
fj:MaHuangJiaZhuTang,麻黄加术汤证,zz:ShenFanTeng,1.8087,1.8087
fj:MaHuangJiaZhuTang_JinKui,麻黄加术汤证（水气）,zz:ShenZhong__AND__zz:ShuiQi,3.911,3.911
fj:MaHuangJiaZhuTang_JinKui,麻黄加术汤证（水气）,zz:ShuiQi__AND__mx:Pulse_Fu,3.7562,3.7562
fj:MaHuangJiaZhuTang_LiShui,麻黄加术汤证（水气病）,zz:ShenZhong__AND__zz:ShuiQi,3.911,3.911
fj:MaHuangJiaZhuTang_LiShui,麻黄加术汤证（水气病）,zz:ShuiQi__AND__mx:Pulse_Fu,3.7562,3.7562
fj:MaHuangLianQiaoChiXiaoDouTang,麻黄连轺赤小豆汤证,jj:Shi,7.6673,7.6673
fj:MaHuangXingRenYiYiGanCaoTang,麻黄杏仁薏苡甘草汤证,zz:RiBuSuoJu,3.5997,3.5997
fj:MaHuangXingRenYiYiGanCaoTang,麻黄杏仁薏苡甘草汤证,【金匮2-21】,2.2329,2.2329
fj:MaHuangXingRenYiYiGanCaoTang,麻黄杏仁薏苡甘草汤证,zz:ShenYiShenTeng,2.062,2.062
fj:MaiMenDongTang,麦门冬汤证,zz:YanHouBuLi,3.4354,3.4354
fj:MaiMenDongTang,麦门冬汤证,zz:DaNiShangQi,2.7387,2.7387
fj:MaiMenDongTang,麦门冬汤证,【金匮7-10】,1.4932,1.4932
fj:MaiMenDongTang_JinKui,麦门冬汤证（肺痿肺痈）,zz:YanHouBuLi,3.4354,3.4354
fj:MaiMenDongTang_JinKui,麦门冬汤证（肺痿肺痈）,zz:DaNiShangQi,2.7387,2.7387
fj:MaiMenDongTang_JinKui,麦门冬汤证（肺痿肺痈）,【金匮7-10】,1.4932,1.4932
fj:MuFangJiQuShiGaoJiaFuLingMangXiaoTang,木防己去石膏加茯苓芒硝汤证,zz:MianSeHei,4.0037,4.0037
fj:MuFangJiQuShiGaoJiaFuLingMangXiaoTang,木防己去石膏加茯苓芒硝汤证,mx:Pulse_ChenJin,1.8984,1.8984
fj:MuFangJiQuShiGaoJiaFuLingMangXiaoTang,木防己去石膏加茯苓芒硝汤证,zz:XinXiaPi__AND__zz:KeNi,1.4211,1.4211
fj:MuFangJiQuShiGaoJiaFuLingMangXiaoTang_JinKui,木防己去石膏加茯苓芒硝汤证（痰饮）,zz:MianSeHei,4.0037,4.0037
fj:MuFangJiQuShiGaoJiaFuLingMangXiaoTang_JinKui,木防己去石膏加茯苓芒硝汤证（痰饮）,mx:Pulse_ChenJin,1.8984,1.8984
fj:MuFangJiQuShiGaoJiaFuLingMangXiaoTang_JinKui,木防己去石膏加茯苓芒硝汤证（痰饮）,zz:XinXiaPi__AND__zz:KeNi,1.4211,1.4211
fj:MuFangJiTang,木防己汤证,zz:MianSeHei,4.0037,4.0037
fj:MuFangJiTang,木防己汤证,mx:Pulse_ChenJin,1.8984,1.8984
fj:MuFangJiTang,木防己汤证,zz:XinXiaPi__AND__zz:KeNi,1.4211,1.4211
fj:MuFangJiTang_JinKui,木防己汤证（痰饮）,zz:MianSeHei,4.0037,4.0037
fj:MuFangJiTang_JinKui,木防己汤证（痰饮）,mx:Pulse_ChenJin,1.8984,1.8984
fj:MuFangJiTang_JinKui,木防己汤证（痰饮）,zz:XinXiaPi__AND__zz:KeNi,1.4211,1.4211
fj:MuLiSan,牡蛎散证,zz:XuFan,5.7994,5.7994
fj:MuLiSan,牡蛎散证,zz:HanChu__AND__【金匮附方】,1.8679,1.8679
fj:MuLiZeXieSan,牡蛎泽泻散证,zz:DaBingChaHou,4.376,4.376
fj:MuLiZeXieSan,牡蛎泽泻散证,zz:YaoYiXiaYouShuiQi,3.3283,3.3283
fj:MuLiZeXieSan,牡蛎泽泻散证,【金匮15-21】,0.1902,0.1902
fj:MuXiangSan,木香散证,zz:QiNi,7.8946,7.8946
fj:PaiNongSan,排脓散证,zz:YouNong,3.4359,3.4359
fj:PaiNongSan,排脓散证,【金匮16-20】,2.1456,2.1456
fj:PaiNongSan,排脓散证,zz:ChuangYong,2.0858,2.0858
fj:PaiNongTang,排脓汤证,zz:YouNong,3.4359,3.4359
fj:PaiNongTang,排脓汤证,【金匮16-20】,2.1456,2.1456
fj:PaiNongTang,排脓汤证,zz:ChuangYong,2.0858,2.0858
fj:QiWeiShuQiWan,肾气丸证（虚劳）,zz:XuLaoYaoTong,4.1001,4.1001
fj:QiWeiShuQiWan,肾气丸证（虚劳）,【金匮6-15】,2.8735,2.8735
fj:QiWeiShuQiWan,肾气丸证（虚劳）,zz:ShaoFuJuJi,0.6937,0.6937
fj:QiWeiShuQiWan_JinKui,肾气丸证（虚劳）,zz:XuLaoYaoTong,4.1001,4.1001
fj:QiWeiShuQiWan_JinKui,肾气丸证（虚劳）,【金匮6-15】,2.8735,2.8735
fj:QiWeiShuQiWan_JinKui,肾气丸证（虚劳）,zz:ShaoFuJuJi,0.6937,0.6937
fj:QianJinWeiJingTang,葶苈大枣泻肺汤证,TuNongRuMiZhou,7.8945,7.8945
fj:QianJinWeiJingTang_JinKui,葶苈大枣泻肺汤证（金匮）,【金匮12-36】,7.063,7.063
fj:QianJinWeiJingTang_JinKui,葶苈大枣泻肺汤证（金匮）,zz:TuNongRuMiZhou,6.3491,6.3491
fj:QinPiSan,秦皮散证,zz:YanTong,3.8933,3.8933
fj:QinPiSan,秦皮散证,zz:ReLi,3.8932,3.8932
fj:RenShenBaiZhuShaoYaoGanCaoTang,人参白术芍药甘草汤证,【10.21】,7.8946,7.8946
fj:RenShenTang,人参汤证,【金匮9-5】,4.8316,4.8316
fj:RenShenTang,人参汤证,zz:XiongMan__AND__zz:XiongBi,1.2454,1.2454
fj:RenShenTang,人参汤证,zz:XieXiaNiQiangXin,1.2444,1.2444
fj:RenShenTang,人参汤证,zz:XinZhongPi,0.0017,0.0017
fj:RenShenTang_JinKui,人参汤证（胸痹）,【金匮9-5】,4.8316,4.8316
fj:RenShenTang_JinKui,人参汤证（胸痹）,zz:XiongMan__AND__zz:XiongBi,1.2454,1.2454
fj:RenShenTang_JinKui,人参汤证（胸痹）,zz:XieXiaNiQiangXin,1.2444,1.2444
fj:RenShenTang_JinKui,人参汤证（胸痹）,zz:XinZhongPi,0.0017,0.0017
fj:SheChuangZiSan,蛇床子散证,zz:FuRenYinHan,5.6091,5.6091
fj:SheChuangZiSan,蛇床子散证,【金匮22-20】,2.2854,2.2854
fj:SheGanMaHuangTang,射干麻黄汤证,zz:HouZhongShuiJiSheng,5.873,5.873
fj:SheGanMaHuangTang,射干麻黄汤证,【金匮7-6】,1.7942,1.7942
fj:SheGanMaHuangTang_JinKui,射干麻黄汤证（肺痿肺痈）,zz:HouZhongShuiJiSheng,5.873,5.873
fj:SheGanMaHuangTang_JinKui,射干麻黄汤证（肺痿肺痈）,【金匮7-6】,1.7942,1.7942
fj:SheXiangWan,麝香丸证,zz:ZhongE,7.8946,7.8946
fj:ShenQiWan_Fuke,肾气丸证（妇人转胞）,zz:FanReBuDeWo,3.6266,3.6266
fj:ShenQiWan_Fuke,肾气丸证（妇人转胞）,zz:YinShiRuGu,1.948,1.948
fj:ShenQiWan_Fuke,肾气丸证（妇人转胞）,zz:FuRen,1.5491,1.5491
fj:ShenQiWan_Fuke,肾气丸证（妇人转胞）,【金匮22-19】,0.6475,0.6475
fj:ShenQiWan_Fuke,肾气丸证（妇人转胞）,zz:ErFanYiXi,0.1235,0.1235
fj:ShengDiHuangWan,生地黄丸证,zz:XuLao,7.8946,7.8946
fj:ShengJiangBanXiaTang,生姜半夏汤证,zz:XiongZhongSiChuanBuChuan,2.5867,2.5867
fj:ShengJiangBanXiaTang,生姜半夏汤证,zz:SiOuBuOu,2.1851,2.1851
fj:ShengJiangBanXiaTang,生姜半夏汤证,zz:SiNiBuNi,1.4997,1.4997
fj:ShengJiangBanXiaTang,生姜半夏汤证,【金匮11-11】,1.1982,1.1982
fj:ShengJiangBanXiaTang,生姜半夏汤证,zz:XinZhongFenFenRan,0.1975,0.1975
fj:ShengJiangBanXiaTang_JinKui,生姜半夏汤证（呕吐）,zz:XiongZhongSiChuanBuChuan,2.5867,2.5867
fj:ShengJiangBanXiaTang_JinKui,生姜半夏汤证（呕吐）,zz:SiOuBuOu,2.1851,2.1851
fj:ShengJiangBanXiaTang_JinKui,生姜半夏汤证（呕吐）,zz:SiNiBuNi,1.4997,1.4997
fj:ShengJiangBanXiaTang_JinKui,生姜半夏汤证（呕吐）,【金匮11-11】,1.1982,1.1982
fj:ShengJiangBanXiaTang_JinKui,生姜半夏汤证（呕吐）,zz:XinZhongFenFenRan,0.1975,0.1975
fj:ShengMaBieJiaQuXiongHuangShuJiaoTang,升麻鳖甲去雄黄蜀椒汤证,zz:ShenTongRuBeiZhang,3.7551,3.7551
fj:ShengMaBieJiaQuXiongHuangShuJiaoTang,升麻鳖甲去雄黄蜀椒汤证,zz:MianMuQing,2.563,2.563
fj:ShengMaBieJiaQuXiongHuangShuJiaoTang,升麻鳖甲去雄黄蜀椒汤证,【金匮3-15】,1.5765,1.5765
fj:ShengMaBieJiaTang,升麻鳖甲汤证,zz:MianChiBanBanRuJinWen,4.7613,4.7613
fj:ShengMaBieJiaTang,升麻鳖甲汤证,zz:TuoNongXue,2.2825,2.2825
fj:ShengMaBieJiaTang,升麻鳖甲汤证,【金匮3-14】,0.8508,0.8508
fj:ShiGaoSan,石膏散证,zz:DaKe,7.8945,7.8945
fj:ShiZaoTang,十枣汤证,jj:WaterRetention,7.3231,7.3231
fj:ShiZaoTang_JinKui,十枣汤证（金匮）,【金匮12-28】,5.194,5.194
fj:ShiZaoTang_JinKui,十枣汤证（金匮）,zz:KeXieYinTong,2.7005,2.7005
fj:ShuQiSan,蜀漆散证,zz:DuoHan,7.8945,7.8945
fj:SiNiTang_JinKui,四逆汤证（金匮）,zz:OuErMaiRuo,3.6903,3.6903
fj:SiNiTang_JinKui,四逆汤证（金匮）,zz:XiaoBianFuLi,1.9456,1.9456
fj:SiNiTang_JinKui,四逆汤证（金匮）,zz:ShenWeiRe,1.1512,1.1512
fj:SiNiTang_JinKui,四逆汤证（金匮）,zz:JianJue,0.7968,0.7968
fj:SiNiTang_JinKui,四逆汤证（金匮）,【金匮11-21】,0.3107,0.3107
fj:SuHeXiangWan,苏合香丸证,zz:JueNi,7.8946,7.8946
fj:TaoHeChengQiTang,桃核承气汤证,jj:BloodStasis,7.6673,7.6673
fj:TaoHuaTang,桃花汤证,【11.27】,7.8946,7.8946
fj:TianXiongSan_JinKui,天雄散证（虚劳）,【金匮6-8】,7.8946,7.8946
fj:TuGuaGenSan,土瓜根散证,zz:ShaoFuManTong,3.8061,3.8061
fj:TuGuaGenSan,土瓜根散证,zz:JingShuiBuLi,2.4112,2.4112
fj:TuGuaGenSan,土瓜根散证,【金匮22-10】,1.0974,1.0974
fj:TuGuaGenSan,土瓜根散证,zz:HuoYiYueZaiJing,0.5799,0.5799
fj:WangBuLiuXingSan,王不留行散证,【金匮16-19】,4.2489,4.2489
fj:WangBuLiuXingSan,王不留行散证,zz:ShenYouChuang,2.2156,2.2156
fj:WangBuLiuXingSan,王不留行散证,zz:JinChuang,1.4301,1.4301
fj:WenJingTang_Fuke,温经汤证（妇人杂病）,zz:MuJiFaRe,3.119,3.119
fj:WenJingTang_Fuke,温经汤证（妇人杂病）,zz:NianWuShiSuo,1.9977,1.9977
fj:WenJingTang_Fuke,温经汤证（妇人杂病）,zz:XiaXueShuRiBuZhi,0.9888,0.9888
fj:WenJingTang_Fuke,温经汤证（妇人杂病）,【金匮22-9】,0.7283,0.7283
fj:WenJingTang_Fuke,温经汤证（妇人杂病）,zz:ShouZhangFanRe,0.4585,0.4585
fj:WenJingTang_Fuke,温经汤证（妇人杂病）,zz:ChunKouGanZao,0.4302,0.4302
fj:WenJingTang_Fuke,温经汤证（妇人杂病）,zz:ShaoFuLiJi,0.172,0.172
fj:WuLingSan_JinKui,五苓散证（金匮）,【金匮12-41】,4.8235,4.8235
fj:WuLingSan_JinKui,五苓散证（金匮）,zz:QiXiaJi,3.071,3.071
fj:WuTouChiShiZhiWan,乌头赤石脂丸证,zz:XiongTongCheBei,2.6286,2.6286
fj:WuTouChiShiZhiWan,乌头赤石脂丸证,zz:CheBeiTongXiong,2.5996,2.5996
fj:WuTouChiShiZhiWan,乌头赤石脂丸证,【金匮9-9】,2.4391,2.4391
fj:WuTouChiShiZhiWan_JinKui,乌头赤石脂丸证（胸痹）,zz:XiongTongCheBei,2.6286,2.6286
fj:WuTouChiShiZhiWan_JinKui,乌头赤石脂丸证（胸痹）,zz:CheBeiTongXiong,2.5996,2.5996
fj:WuTouChiShiZhiWan_JinKui,乌头赤石脂丸证（胸痹）,【金匮9-9】,2.4391,2.4391
fj:WuTouGuiZhiTang_JinKui,乌头桂枝汤证（金匮）,zz:ShouZuBuRen,3.4896,3.4896
fj:WuTouGuiZhiTang_JinKui,乌头桂枝汤证（金匮）,【金匮10-19】,2.2903,2.2903
fj:WuTouGuiZhiTang_JinKui,乌头桂枝汤证（金匮）,zz:NiLeng,1.5296,1.5296
fj:WuTouGuiZhiTang_JinKui,乌头桂枝汤证（金匮）,zz:ShenTiTengTong,0.585,0.585
fj:WuTouTang,乌头汤证,【金匮5-10】,4.5163,4.5163
fj:WuTouTang,乌头汤证,zz:TengTong,2.1838,2.1838
fj:WuTouTang,乌头汤证,zz:LiJieBuKeQuShen,0.9672,0.9672
fj:WuTouTang_JinKui,乌头汤证（历节）,【金匮5-10】,4.5163,4.5163
fj:WuTouTang_JinKui,乌头汤证（历节）,zz:TengTong,2.1838,2.1838
fj:WuTouTang_JinKui,乌头汤证（历节）,zz:LiJieBuKeQuShen,0.9672,0.9672
fj:XiaYuXueTang,下瘀血汤证,【金匮21-6】,4.8877,4.8877
fj:XiaYuXueTang,下瘀血汤证,zz:FuZhongYouYuXueZhuQiXia,3.0068,3.0068
fj:XiaoBanXiaJiaFuLingTang,小半夏加茯苓汤证,zz:OuTu__AND__zz:KeNi,4.8046,4.8046
fj:XiaoBanXiaJiaFuLingTang,小半夏加茯苓汤证,【金匮12-38】,3.0898,3.0898
fj:XiaoBanXiaJiaFuLingTang_JinKui,小半夏加茯苓汤证（金匮）,【金匮12-40】,3.2638,3.2638
fj:XiaoBanXiaJiaFuLingTang_JinKui,小半夏加茯苓汤证（金匮）,zz:OuTuXuanJi,3.2053,3.2053
fj:XiaoBanXiaJiaFuLingTang_JinKui,小半夏加茯苓汤证（金匮）,zz:GeJianYouShuiQi,1.4254,1.4254
fj:XiaoBanXiaTang_JinKui,小半夏汤证（金匮）,【金匮11-14】,3.9958,3.9958
fj:XiaoBanXiaTang_JinKui,小半夏汤证（金匮）,zz:OuTu__AND__zz:BuKe,2.9921,2.9921
fj:XiaoBanXiaTang_JinKui,小半夏汤证（金匮）,zz:BuKe__AND__zz:ZhiYin,2.808,2.808
fj:XiaoBanXiaTang_JinKui,小半夏汤证（金匮）,zz:ZhuOu,2.156,2.156
fj:XiaoBanXiaTang_JinKui,小半夏汤证（金匮）,【金匮12-37】,0.7369,0.7369
fj:XiaoBanXiaTang_JinKui,小半夏汤证（金匮）,zz:GuBuDeXia,0.3851,0.3851
fj:XiaoBanXiaTang_ZhiYin,小半夏汤证（支饮）,zz:OuTu__AND__zz:BuKe,3.2289,3.2289
fj:XiaoBanXiaTang_ZhiYin,小半夏汤证（支饮）,【金匮12-37】,2.5855,2.5855
fj:XiaoBanXiaTang_ZhiYin,小半夏汤证（支饮）,zz:BuKe__AND__zz:ZhiYin,1.8529,1.8529
fj:XiaoBanXiaTang_ZhuOu,小半夏汤证（金匮诸呕）,【金匮11-14】,3.6212,3.6212
fj:XiaoBanXiaTang_ZhuOu,小半夏汤证（金匮诸呕）,zz:GuBuDeXia,2.044,2.044
fj:XiaoBanXiaTang_ZhuOu,小半夏汤证（金匮诸呕）,zz:ZhuOu,2.002,2.002
fj:XiaoChaiHuJiaFuLingBaiZhuTang,小柴胡加茯苓白术汤证,【10.25】,7.8946,7.8946
fj:XiaoChaiHuTang_ChanHou,小柴胡汤证（产后郁冒）,zz:DanTouHanChu,4.7599,4.7599
fj:XiaoChaiHuTang_ChanHou,小柴胡汤证（产后郁冒）,zz:YuMao,3.1346,3.1346
fj:XiaoJianZhongTang_Fuke,小建中汤证（妇人腹中痛）,【金匮22-18】,7.8946,7.8946
fj:XiaoQingLongJiaShiGaoTang,小青龙加石膏汤证,zz:KeErQiChuan,7.6673,7.6673
fj:XiaoQingLongJiaShiGaoTang_JinKui,小青龙加石膏汤证（肺胀）,zz:KeErQiChuan,7.6673,7.6673
fj:XiaoQingLongTang,小青龙汤证,jj:WaterRetention,7.3231,7.3231
fj:XiaoQingLongTang_JinKui,小青龙汤证（金匮）,zz:ShenTiTengZhong,4.3297,4.3297
fj:XiaoQingLongTang_JinKui,小青龙汤证（金匮）,【金匮12-29】,1.9728,1.9728
fj:XiaoQingLongTang_JinKui,小青龙汤证（金匮）,zz:YiYin,1.1774,1.1774
fj:XiaoShiFanShiSan,硝石矾石散证,zz:EShangHei,3.0849,3.0849
fj:XiaoShiFanShiSan,硝石矾石散证,【金匮15-14】,1.7762,1.7762
fj:XiaoShiFanShiSan,硝石矾石散证,zz:ShenJinHuang,1.5897,1.5897
fj:XiaoShiFanShiSan,硝石矾石散证,zz:NvLao,0.7923,0.7923
fj:XiaoShiFanShiSan,硝石矾石散证,zz:ZuXiaRe,0.6513,0.6513
fj:XieXinTang,泻心汤证（吐血）,zz:TuXue,5.2232,5.2232
fj:XieXinTang,泻心汤证（吐血）,zz:QiBuZu,1.5465,1.5465
fj:XieXinTang,泻心汤证（吐血）,【金匮16-17】,1.1249,1.1249
fj:XiongHuangSan,雄黄散方证,ShiYuGang,7.8945,7.8945
fj:XiongHuangWan,雄黄丸证,zz:ChongDu,7.8945,7.8945
fj:XuanFuHuaTang,旋覆花汤证,zz:ChangYuTaQiXiongShang,3.8857,3.8857
fj:XuanFuHuaTang,旋覆花汤证,【金匮12-34】,3.7816,3.7816
fj:XuanFuHuaTang_Fuke,旋覆花汤证（妇人半产漏下）,zz:BanChan,3.324,3.324
fj:XuanFuHuaTang_Fuke,旋覆花汤证（妇人半产漏下）,zz:LouXia,2.3566,2.3566
fj:XuanFuHuaTang_Fuke,旋覆花汤证（妇人半产漏下）,【金匮22-11】,2.2139,2.2139
fj:XuanFuHuaTang_JinKui,旋覆花汤证（肝着）,zz:ChangYuTaQiXiongShang,3.8857,3.8857
fj:XuanFuHuaTang_JinKui,旋覆花汤证（肝着）,【金匮12-34】,3.7816,3.7816
fj:YiWuGuaDiTang,一物瓜蒂汤证,zz:TengZhong,7.8945,7.8945
fj:YiYiFuZiBaiJiangSan_JinKui,薏苡附子败酱散证（肠痈）,zz:FuPiJi,2.8548,2.8548
fj:YiYiFuZiBaiJiangSan_JinKui,薏苡附子败酱散证（肠痈）,zz:AnZhiRu,2.584,2.584
fj:YiYiFuZiBaiJiangSan_JinKui,薏苡附子败酱散证（肠痈）,【金匮18-3】,1.0566,1.0566
fj:YiYiFuZiBaiJiangSan_JinKui,薏苡附子败酱散证（肠痈）,zz:ShenTiJiaCuo,0.7641,0.7641
fj:YiYiFuZiBaiJiangSan_JinKui,薏苡附子败酱散证（肠痈）,zz:RuZhongZhuang,0.6351,0.6351
fj:YiYiFuZiSan,薏苡附子散证,【金匮9-7】,4.9406,4.9406
fj:YiYiFuZiSan,薏苡附子散证,zz:ShiHuanShiJi,2.7267,2.7267
fj:YiYiFuZiSan_JinKui,薏苡附子散证（胸痹）,【金匮9-7】,4.9406,4.9406
fj:YiYiFuZiSan_JinKui,薏苡附子散证（胸痹）,zz:ShiHuanShiJi,2.7267,2.7267
fj:YinChenHaoTang,茵陈蒿汤证,jj:Re,7.4811,7.4811
fj:YinChenHaoTang_JinKui,茵陈蒿汤证（黄疸）,【金匮15-13】,7.8945,7.8945
fj:YinChenWuLingSan,茵陈五苓散证,【金匮15-18】,7.8945,7.8945
fj:YuLiangWan,禹余粮丸证,zz:JingShuiBuDiao,5.4165,5.4165
fj:YuLiangWan,禹余粮丸证,zz:XiaLi,2.3803,2.3803
fj:YueBiJiaBanXiaTang,越婢加半夏汤证,mx:Pulse_FuDa,6.1699,6.1699
fj:YueBiJiaBanXiaTang,越婢加半夏汤证,zz:MuRuTuoZhuang,1.4974,1.4974
fj:YueBiJiaBanXiaTang_JinKui,越婢加半夏汤证（金匮）,mx:Pulse_FuDa,4.3474,4.3474
fj:YueBiJiaBanXiaTang_JinKui,越婢加半夏汤证（金匮）,zz:ZiHanChu,2.409,2.409
fj:YueBiJiaBanXiaTang_JinKui,越婢加半夏汤证（金匮）,zz:MuRuTuoZhuang,2.186,2.186
fj:YueBiJiaBanXiaTang_JinKui,越婢加半夏汤证（金匮）,zz:FengShui__AND__zz:BuKe,1.759,1.759
fj:YueBiJiaBanXiaTang_JinKui,越婢加半夏汤证（金匮）,zz:BuKe__AND__mx:Pulse_Fu,1.2789,1.2789
fj:YueBiJiaBanXiaTang_JinKui,越婢加半夏汤证（金匮）,zz:BuKe__AND__zz:EFeng,0.9032,0.9032
fj:YueBiJiaZhuTang,越婢加术汤证,zz:ShenMuHuangZhong__AND__zz:LiShui,2.4213,2.4213
fj:YueBiJiaZhuTang,越婢加术汤证,zz:LiShui__AND__mx:Pulse_Chen,2.3085,2.3085
fj:YueBiJiaZhuTang,越婢加术汤证,zz:LiShui,1.0046,1.0046
fj:YueBiJiaZhuTang,越婢加术汤证,zz:ShenMuHuangZhong,0.8563,0.8563
fj:YueBiJiaZhuTang,越婢加术汤证,zz:ShenMuHuangZhong__AND__mx:Pulse_Chen,0.4736,0.4736
fj:YueBiJiaZhuTang_JinKui,越婢加术汤证（水气）,zz:LiShui__AND__mx:Pulse_Chen,2.3801,2.3801
fj:YueBiJiaZhuTang_JinKui,越婢加术汤证（水气）,zz:ShenMuHuangZhong__AND__zz:LiShui,1.7315,1.7315
fj:YueBiJiaZhuTang_JinKui,越婢加术汤证（水气）,zz:ShenMuHuangZhong,1.5289,1.5289
fj:YueBiJiaZhuTang_JinKui,越婢加术汤证（水气）,zz:LiShui,1.4599,1.4599
fj:YueBiJiaZhuTang_JinKui,越婢加术汤证（水气）,zz:ShenMuHuangZhong__AND__mx:Pulse_Chen,0.0836,0.0836
fj:YueBiTang,越婢汤证,zz:ZiHanChu,2.8274,2.8274
fj:YueBiTang,越婢汤证,zz:BuKe__AND__zz:EFeng,1.7816,1.7816
fj:YueBiTang,越婢汤证,zz:BuKe__AND__mx:Pulse_Fu,1.6236,1.6236
fj:YueBiTang,越婢汤证,zz:FengShui__AND__zz:BuKe,1.2485,1.2485
fj:YueBiTang_JinKui,越婢汤证（水气）,zz:YiShenXiZhong,4.2124,4.2124
fj:YueBiTang_JinKui,越婢汤证（水气）,zz:WuDaRe,3.2674,3.2674
fj:ZaoJiaoWan,皂荚丸证,zz:ShiShiTuZhuo,4.0768,4.0768
fj:ZaoJiaoWan,皂荚丸证,zz:DanZuoBuDeMian,2.0803,2.0803
fj:ZaoJiaoWan,皂荚丸证,【金匮7-7】,1.5101,1.5101
fj:ZaoJiaoWan_JinKui,皂荚丸证（肺痿肺痈）,zz:ShiShiTuZhuo,4.0768,4.0768
fj:ZaoJiaoWan_JinKui,皂荚丸证（肺痿肺痈）,zz:DanZuoBuDeMian,2.0803,2.0803
fj:ZaoJiaoWan_JinKui,皂荚丸证（肺痿肺痈）,【金匮7-7】,1.5101,1.5101
fj:ZeQiTang,泽漆汤证,zz:Ke__AND__mx:Pulse_Chen,7.1858,7.1858
fj:ZeQiTang_JinKui,泽漆汤证（肺痿肺痈）,zz:Ke__AND__mx:Pulse_Chen,7.1858,7.1858
fj:ZeQiTang_ShuiQi,泽漆汤证（水气）,zz:ShuiZhong,5.4165,5.4165
fj:ZeQiTang_ShuiQi,泽漆汤证（水气）,zz:Ke__AND__mx:Pulse_Chen,2.3803,2.3803
fj:ZeXieTang,泽泻汤证,【金匮12-25】,3.4359,3.4359
fj:ZeXieTang,泽泻汤证,zz:TouYun,3.2218,3.2218
fj:ZeXieTang,泽泻汤证,zz:XinXiaYouZhiYin,1.0096,1.0096
fj:ZeXieTang_JinKui,泽泻汤证（金匮）,zz:KuMaoXuan,4.6945,4.6945
fj:ZeXieTang_JinKui,泽泻汤证（金匮）,【金匮12-25】,3.3858,3.3858
fj:ZeXieTang_JinKui,泽泻汤证（金匮）,【金匮12-31】,2.3649,2.3649
fj:ZeXieTang_JinKui,泽泻汤证（金匮）,zz:TouYun,1.4874,1.4874
fj:ZeXieTang_JinKui,泽泻汤证（金匮）,zz:XinXiaYouZhiYin,1.2473,1.2473
fj:ZeXieWan,泽泻丸证,zz:Ke__AND__【金匮附方】,4.6815,4.6815
fj:ZeXieWan,泽泻丸证,zz:XuanYin,3.1306,3.1306
fj:ZhiMuSan,知母散证,zz:Ke__AND__【金匮附方】,4.6812,4.6812
fj:ZhiMuSan,知母散证,zz:Re,3.1308,3.1308
fj:ZhiShiFuZiTang,枳实附子汤证,zz:HanShan__AND__【金匮附方】,4.2083,4.2083
fj:ZhiShiFuZiTang,枳实附子汤证,zz:HanShan__AND__zz:FuTong,3.6862,3.6862
fj:ZhiShiGanCaoTang,枳实甘草汤证,zz:FuZhang,4.6815,4.6815
fj:ZhiShiGanCaoTang,枳实甘草汤证,zz:DaBianJian,3.1305,3.1305
fj:ZhiShiSan,枳实散证,【金匮19-7】,7.8946,7.8946
fj:ZhiShiShaoYaoSan,枳实芍药散证,zz:ChanHou__AND__zz:FuTong,4.5793,4.5793
fj:ZhiShiShaoYaoSan,枳实芍药散证,zz:FanManBuDeWo,2.0836,2.0836
fj:ZhiShiShaoYaoSan,枳实芍药散证,【金匮21-5】,1.2316,1.2316
fj:ZhiShiTang,枳实汤证,zz:ShiJi,7.8945,7.8945
fj:ZhiShiXieBaiGuiZhiTang,枳实薤白桂枝汤证,【金匮9-5】,4.8316,4.8316
fj:ZhiShiXieBaiGuiZhiTang,枳实薤白桂枝汤证,zz:XiongMan__AND__zz:XiongBi,1.2454,1.2454
fj:ZhiShiXieBaiGuiZhiTang,枳实薤白桂枝汤证,zz:XieXiaNiQiangXin,1.2444,1.2444
fj:ZhiShiXieBaiGuiZhiTang,枳实薤白桂枝汤证,zz:XinZhongPi,0.0017,0.0017
fj:ZhiShiXieBaiGuiZhiTang_JinKui,枳实薤白桂枝汤证（胸痹）,【金匮9-5】,4.8316,4.8316
fj:ZhiShiXieBaiGuiZhiTang_JinKui,枳实薤白桂枝汤证（胸痹）,zz:XiongMan__AND__zz:XiongBi,1.2454,1.2454
fj:ZhiShiXieBaiGuiZhiTang_JinKui,枳实薤白桂枝汤证（胸痹）,zz:XieXiaNiQiangXin,1.2444,1.2444
fj:ZhiShiXieBaiGuiZhiTang_JinKui,枳实薤白桂枝汤证（胸痹）,zz:XinZhongPi,0.0017,0.0017
fj:ZhiZhuSan,蜘蛛散证（金匮）,zz:ShiYouShangXia,3.5692,3.5692
fj:ZhiZhuSan,蜘蛛散证（金匮）,zz:PianYouDaXiao,2.9678,2.9678
fj:ZhiZhuSan,蜘蛛散证（金匮）,【金匮10-20】,1.3576,1.3576
fj:ZhiZiBoPiTang,栀子柏皮汤证,jj:Re,7.4811,7.4811
fj:ZhiZiChiTang,栀子豉汤证,sx:SheShangTaiHua,7.8946,7.8946
fj:ZhiZiDaHuangTang,栀子大黄汤证,jj:Shi,7.6673,7.6673
fj:ZhiZiDaHuangTang_JinKui,栀子大黄汤证（黄疸）,【金匮15-15】,2.9165,2.9165
fj:ZhiZiDaHuangTang_JinKui,栀子大黄汤证（黄疸）,zz:XinZhongAoNong,2.9132,2.9132
fj:ZhiZiDaHuangTang_JinKui,栀子大黄汤证（黄疸）,zz:ReTong,2.0648,2.0648
fj:ZhiZiSan,栀子散证,zz:XuFan,5.7994,5.7994
fj:ZhiZiSan,栀子散证,zz:HanChu__AND__【金匮附方】,1.8679,1.8679
fj:ZhuFuTang,猪肤汤证,【11.31】,7.8946,7.8946
fj:ZhuFuTang_JinKui,猪肤汤证（金匮）,zz:XinFan,5.1499,5.1499
fj:ZhuFuTang_JinKui,猪肤汤证（金匮）,【金匮11-17】,2.7446,2.7446
fj:ZhuGaoFaJian_Fuke,猪膏发煎证（妇人阴吹）,zz:WeiQiXiaXie,3.1573,3.1573
fj:ZhuGaoFaJian_Fuke,猪膏发煎证（妇人阴吹）,【金匮22-22】,3.136,3.136
fj:ZhuGaoFaJian_Fuke,猪膏发煎证（妇人阴吹）,zz:YinChuiErXuan,1.0529,1.0529
fj:ZhuGaoFaJian_Fuke,猪膏发煎证（妇人阴吹）,zz:RuShiQi,0.5483,0.5483
fj:ZhuGaoFaJian_JinKui,猪膏发煎证（黄疸）,zz:JinYeKuZao,4.3496,4.3496
fj:ZhuGaoFaJian_JinKui,猪膏发煎证（黄疸）,【金匮15-16】,2.27,2.27
fj:ZhuGaoFaJian_JinKui,猪膏发煎证（黄疸）,zz:SeAnBuMing,1.2749,1.2749
fj:ZhuLingSan,猪苓散证,zz:XiaoBianBuLi__AND__【金匮附方】,7.6673,7.6673
fj:ZhuPiDaWan,竹皮大丸证,zz:OuNi,2.9164,2.9164
fj:ZhuPiDaWan,竹皮大丸证,【金匮21-8】,2.4845,2.4845
fj:ZhuPiDaWan,竹皮大丸证,zz:WuWaiZheng,1.4137,1.4137
fj:ZhuPiDaWan,竹皮大丸证,zz:FanLuan,1.08,1.08
fj:ZhuShaWan,朱砂丸证,zz:JingKong,7.8945,7.8945
fj:ZhuYeTang,竹叶汤证,zz:FaRe__AND__zz:ChanHou,2.6882,2.6882
fj:ZhuYeTang,竹叶汤证,zz:ZhongFeng,2.0833,2.0833
fj:ZhuYeTang,竹叶汤证,zz:Chuan,1.0204,1.0204
fj:ZhuYeTang,竹叶汤证,zz:ChanHou__AND__zz:HanChu,0.8801,0.8801
fj:ZhuYeTang,竹叶汤证,zz:TouTong,0.5902,0.5902
fj:ZhuYeTang,竹叶汤证,zz:FaRe__AND__zz:HanChu,0.3899,0.3899
fj:ZhuYeTang,竹叶汤证,zz:MianChi,0.1569,0.1569
fj:ZhuYeTang,竹叶汤证,mx:Pulse_XianShu,0.0855,0.0855
fj:ZiCanTang_JinKui,紫参汤证（金匮）,【金匮12-35】,7.8946,7.8946
fj:ZiShenTang,紫参汤证（附）,zz:XiaLi,4.4155,4.4155
fj:ZiShenTang,紫参汤证（附）,zz:FuTong__AND__【金匮附方】,3.3294,3.3294
fj:ZiShiYingWan,紫石英丸证,zz:FuRenJingShuiBuDiao,4.6192,4.6192
fj:ZiShiYingWan,紫石英丸证,zz:FengHan,3.2753,3.2753
pattern_id,pattern_name,jianjia_list,2.7503,2.7503
pattern_id,pattern_name,tongue_list,2.7379,2.7379
pattern_id,pattern_name,jianjia_list__AND__tongue_list,2.4062,2.4062
