"pattern_id","pattern_name","liujing","symptom_list","pulse_list","tongue_list","jianjia_list","clause"
"fj:GuaLouGuiZhiTang","栝楼桂枝汤证","lj:Taiyang_Instance","zz:ShenTiQiangJiJi,zz:Ren","mx:Pulse_Chen_Chi","","","【金匮2-11】"
"fj:GeGenTang_JinKui","葛根汤证（金匮）","lj:Taiyang_Instance","zz:WuHan,zz:XiaoBianFanShao,zz:QiShangChongXiong,zz:KouJinBuDeYu","","","【金匮2-12】",""
"fj:DaChengQiTang_JinKui","大承气汤证（金匮）","lj:Yangming_Instance","zz:XiongMan,zz:KouJin,zz:WoBuZhaoXi,zz:JiaoLuanJi,zz:JieChi","","","【金匮2-13】",""
"fj:MaHuangJiaZhuTang","麻黄加术汤证","lj:Taiyang_Instance","zz:ShenFanTeng","","","【金匮2-20】",""
"fj:MaHuangXingRenYiYiGanCaoTang","麻黄杏仁薏苡甘草汤证","lj:Taiyang_Instance","zz:ShenYiShenTeng,zz:FaRe,zz:RiBuSuoJu","","","【金匮2-21】",""
"fj:FangJiHuangQiTang","防己黄芪汤证","lj:Taiyang_Instance","zz:FuShenZhong,zz:HanChu,zz:EFeng","mx:Pulse_Fu","","","【金匮2-22】"
"fj:GuiZhiFuZiTang","桂枝附子汤证","lj:Taiyang_Instance","zz:ShenTiTengFan,zz:BuNengZiZhuanCe,zz:BuOu,BuKe","mx:Pulse_FuXuErSe","","","【金匮2-23】"
"fj:BaiZhuFuZiTang","白术附子汤证","lj:Taiyang_Instance","zz:ShenTiTengFan,zz:DaBianJian,zz:XiaoBianZiLi","mx:Pulse_FuXuErSe","","","【金匮2-23】"
"fj:GanCaoFuZiTang","甘草附子汤证","lj:Taiyang_Instance","zz:GuJieTengFan,zz:CheTong,zz:HanChu,zz:DuanQi,zz:XiaoBianBuLi,zz:EFeng","","","【金匮2-24】",""
"fj:BaiHuJiaRenShenTang_JinKui","白虎加人参汤证（金匮）","lj:Yangming_Instance","zz:HanChu,zz:EFeng,zz:ShenRe,zz:Ke","mx:Pulse_Hong","","","【金匮2-26】"
"fj:YiWuGuaDiTang","一物瓜蒂汤证","lj:Taiyang_Instance","zz:ShenRe,zz:TengZhong","mx:Pulse_WeiRuo","","","【金匮2-27】"
"fj:BaiHeZhiMuTang","百合知母汤证","lj:Taiyang_Instance","zz:BaiHeBing","","","【金匮3-1】",""
"fj:BaiHeHuaShiDaiZheTang","百合滑石代赭汤证","lj:Taiyang_Instance","zz:BaiHeBing","","","【金匮3-2】",""
"fj:BaiHeJiZiHuangTang","百合鸡子黄汤证","lj:Taiyang_Instance","zz:BaiHeBing","","","【金匮3-3】",""
"fj:BaiHeDiHuangTang","百合地黄汤证","lj:Taiyang_Instance","zz:BaiHeBing,zz:KouKu,zz:XiaoBianChi","mx:Pulse_WeiShu","","","【金匮3-5】"
"fj:BaiHeXiFang","百合洗方证","lj:Taiyang_Instance","zz:BaiHeBing,BianChengKe","","","【金匮3-6】",""
"fj:GuaLouMuLiSan","栝蒌牡蛎散证","lj:Taiyang_Instance","zz:BaiHeBing,BianChengKe","","","【金匮3-6】",""
"fj:BaiHeHuaShiSan","百合滑石散证","lj:Taiyang_Instance","zz:BaiHeBing,BianFaRe","","","【金匮3-7】",""
"fj:GanCaoXieXinTang_JinKui","甘草泻心汤证（金匮）","lj:Taiyang_Instance","zz:HuHuoBing,zz:ShengGa,zz:MuBuDeBi,zz:WoQiBuAn","","","【金匮3-10】",""
"fj:KuShenTang","苦参汤方证","lj:Taiyang_Instance","zz:HuHuoBing,ShiYuXiaBu,YanGan","","","【金匮3-10】",""
"fj:XiongHuangSan","雄黄散方证","lj:Taiyang_Instance","zz:HuHuoBing,ShiYuGang","","","【金匮3-10】",""
"fj:ChiXiaoDouDangGuiSan","赤小豆当归散证","lj:Taiyang_Instance","zz:MuChiRuJiuYan,zz:MuSiJieHei,zz:NengShi","","","【金匮3-13】",""
"fj:ShengMaBieJiaTang","升麻鳖甲汤证","lj:Taiyang_Instance","zz:MianChiBanBanRuJinWen,zz:YanHouTong,zz:TuoNongXue","","","【金匮3-14】",""
"fj:ShengMaBieJiaQuXiongHuangShuJiaoTang","升麻鳖甲去雄黄蜀椒汤证","lj:Taiyang_Instance","zz:MianMuQing,zz:ShenTongRuBeiZhang,zz:YanHouTong","","","【金匮3-15】",""
"fj:BieJiaJianWan","鳖甲煎丸证","lj:Shaoyang_Instance","zz:NueMu","","","【金匮4-2】",""
"fj:BaiHuJiaGuiZhiRenShenTang","白虎加桂枝人参汤证","lj:Yangming_Instance","zz:DanRe,zz:ShaoQi,Fan,zz:ShouZuRe,zz:YuOu","","","【金匮4-4】",""
"fj:BaiHuJiaGuiZhiTang","白虎加桂枝汤证","lj:Yangming_Instance","zz:ShenWuHanDanRe,zz:GuJieTengFan,zz:ShiZuoOu","","","【金匮4-5】",""
"fj:ShuQiSan","蜀漆散证","lj:Shaoyang_Instance","zz:DuoHan,zz:DanHanBuRe","","","【金匮4-6】",""
"fj:ChaiHuGuiJiangTang","柴胡桂姜汤证","lj:Shaoyang_Instance","zz:NueDuoHan,zz:DanHanBuRe","","","【金匮4-6】",""
"fj:GuiZhiShaoYaoZhiMuTang","桂枝芍药知母汤证","lj:Jueyin_Instance","zz:ZhiJieTengTong,zz:ShenTiWangLei,zz:JiaoZhongRuTuo,zz:TouXuanDuanQi,zz:YuTu","","","【金匮5-8】",""
"pattern_id","pattern_name","liujing","symptom_list","pulse_list","tongue_list","jianjia_list","clause"
"fj:WuTouTang","乌头汤证","lj:Taiyang_Instance","zz:LiJieBuKeQuShen,zz:TengTong","","","【金匮5-10】",""
"fj:QiWeiShuQiWan","肾气丸证（虚劳）","lj:Shaoyin_Instance","zz:XuLaoYaoTong,zz:ShaoFuJuJi,zz:XiaoBianBuLi","","","【金匮6-15】",""
"fj:MaHuangFuZiXiXinTang_JinKui","麻黄附子细辛汤证（金匮）","lj:Shaoyin_Instance","zz:FaRe","mx:Pulse_Chen","","","【金匮6-16】"
"fj:DaHuangZheChongWan","大黄?虫丸证","lj:Jueyin_Instance","zz:JiFuJiaCuo,zz:LiangMuAnHei","","","【金匮6-18】",""
"fj:SheGanMaHuangTang","射干麻黄汤证","lj:Taiyang_Instance","zz:KeNiShangQi,zz:HouZhongShuiJiSheng","","","【金匮7-6】",""
"fj:ZaoJiaoWan","皂荚丸证","lj:Taiyang_Instance","zz:KeNiShangQi,zz:ShiShiTuZhuo,zz:DanZuoBuDeMian","","","【金匮7-7】",""
"fj:HouPoMaHuangTang","厚朴麻黄汤证","lj:Taiyang_Instance","zz:Ke","mx:Pulse_Fu","","","【金匮7-8】"
"fj:ZeQiTang","泽漆汤证","lj:Taiyin_Instance","zz:Ke","mx:Pulse_Chen","","","【金匮7-9】"
"fj:MaiMenDongTang","麦门冬汤证","lj:Yangming_Instance","zz:DaNiShangQi,zz:YanHouBuLi","","","【金匮7-10】",""
"fj:QianJinWeiJingTang","葶苈大枣泻肺汤证","lj:Taiyang_Instance","zz:FeiYong,TuNongRuMiZhou","","","【金匮7-11】",""
"fj:YueBiJiaBanXiaTang","越婢加半夏汤证","lj:Taiyang_Instance","zz:FeiZhang,zz:MuRuTuoZhuang","mx:Pulse_FuDa","","","【金匮7-13】"
"fj:XiaoQingLongJiaShiGaoTang","小青龙加石膏汤证","lj:Taiyang_Instance","zz:FeiZhang,zz:KeErQiChuan","mx:Pulse_Fu","","","【金匮7-14】"
"fj:GanCaoGanJiangTang","甘草干姜汤证","lj:Taiyin_Instance","zz:TuXianMo,zz:BuKe","","","【金匮7-5】",""
"fj:BenQiTang","奔豚汤证","lj:ChongRen","zz:BenQi,zz:QiShangChongXiong,zz:FuTong,zz:WangLaiHanRe","","","【金匮8-2】",""
"fj:GuaLouXieBaiBaiJiuTang","瓜蒌薤白白酒汤证","lj:Taiyin_Instance","zz:XiongBi,zz:ChuanXiKeChuo,zz:XiongBeiTong","mx:Pulse_ChenChi, GuanShangXiaoJinShu","","","【金匮9-3】"
"fj:GuaLouXieBaiBanXiaTang","瓜蒌薤白半夏汤证","lj:Taiyin_Instance","zz:XiongBi,zz:BuDeWo,zz:XinTongCheBei","","","【金匮9-4】",""
"fj:ZhiShiXieBaiGuiZhiTang","枳实薤白桂枝汤证","lj:Taiyin_Instance","zz:XiongBi,zz:XinZhongPi,zz:XiongMan,zz:XieXiaNiQiangXin","","","【金匮9-5】",""
"fj:RenShenTang","人参汤证","lj:Taiyin_Instance","zz:XiongBi,zz:XinZhongPi,zz:XiongMan,zz:XieXiaNiQiangXin","","","【金匮9-5】",""
"fj:FuLingXingRenGanCaoTang","茯苓杏仁甘草汤证","lj:Taiyin_Instance","zz:XiongBi,zz:XiongZhongQiSai,zz:DuanQi","","","【金匮9-6】",""
"fj:JuPiZhiShiShengJiangTang","橘皮枳实生姜汤证","lj:Taiyin_Instance","zz:XiongBi,zz:XiongZhongQiSai,zz:DuanQi","","","【金匮9-6】",""
"fj:YiYiFuZiSan","薏苡附子散证","lj:Taiyin_Instance","zz:XiongBi,zz:ShiHuanShiJi","","","【金匮9-7】",""
"fj:GuiZhiShengJiangZhiShiTang","桂枝生姜枳实汤证","lj:Taiyin_Instance","zz:XiongBi,zz:XinZhongXuanTong","","","【金匮9-8】",""
"fj:WuTouChiShiZhiWan","乌头赤石脂丸证","lj:Taiyin_Instance","zz:XiongTongCheBei,zz:CheBeiTongXiong","","","【金匮9-9】",""
"fj:HouPoQiWuTang","厚朴七物汤证","lj:Yangming_Instance","zz:FuMan,zz:FaRe","mx:Pulse_FuShu","","","【金匮10-9】"
"fj:FuZiJingMiTang","附子粳米汤证","lj:Taiyin_Instance","zz:FuZhongQieTong,zz:LeiMing,zz:NiMan,zz:OuTu","","","【金匮10-10】",""
"fj:DaJianZhongTang","大建中汤证","lj:Taiyin_Instance","zz:FuZhongHanTong,zz:OuBuNengShi,zz:FuZhongHan,zz:ShangChongPiQi","","","【金匮10-14】",""
"fj:DaHuangFuZiXiXinTang","大黄附子细辛汤证","lj:Taiyin_Instance","zz:FuMan,zz:XieXiaPianTong,zz:FaWeiRe","mx:Pulse_XianJin","","","【金匮10-15】"
"fj:DaWuTouJian_JinKui","大乌头煎证（金匮）","lj:Taiyin_Instance","zz:HanShan,zz:RaoQiErTong,zz:ShouZuJueLeng","","","【金匮10-17】",""
"fj:DangGuiShengJiangYangRouTang_JinKui","当归生姜羊肉汤证（金匮）","lj:Taiyin_Instance","zz:HanShan,zz:FuZhongTong,zz:XieTongLiJi","","","【金匮10-18】",""
"fj:WuTouGuiZhiTang_JinKui","乌头桂枝汤证（金匮）","lj:Taiyin_Instance","zz:HanShan,zz:FuZhongTong,zz:ShouZuBuRen,zz:NiLeng,zz:ShenTiTengTong","","","【金匮10-19】",""
"fj:ZhiZhuSan","蜘蛛散证（金匮）","lj:Jueyin_Instance","zz:GuShan,zz:PianYouDaXiao,zz:ShiYouShangXia","","","【金匮10-20】",""
"fj:ShengJiangBanXiaTang","生姜半夏汤证","lj:Taiyin_Instance","zz:XiongZhongSiChuanBuChuan,zz:SiOuBuOu,zz:SiNiBuNi,zz:XinZhongFenFenRan","","","【金匮11-11】",""
"fj:JuPiTang","橘皮汤证（金匮）","lj:Taiyin_Instance","zz:GanOuNi,zz:ShouZuJue","","","【金匮11-12】",""
"fj:JuPiZhuRuTang","橘皮竹茹汤证（金匮）","lj:Taiyin_Instance","zz:NiNi,zz:Xu","","","【金匮11-13】",""
"fj:XiaoBanXiaTang_ZhuOu","小半夏汤证（金匮诸呕）","lj:Taiyin_Instance","zz:ZhuOu,zz:GuBuDeXia","","","【金匮11-14】",""
"fj:GanJiangBanXiaTang","干姜半夏汤证","lj:Taiyin_Instance","zz:GanOu,zz:TuXianMo","","","【金匮11-15】",""
"fj:FuLingGanCaoTang_JinKui","茯苓甘草汤证（金匮）","lj:Taiyin_Instance","zz:JueErXinXiaJi","","","【金匮11-16】",""
"fj:ZhuFuTang_JinKui","猪肤汤证（金匮）","lj:Shaoyin_Instance","zz:XiaLi,zz:YanTong,zz:XiongMan,zz:XinFan","","","【金匮11-17】",""
"fj:GanCaoXieXinTang_ZhuOu","甘草泻心汤证（金匮诸呕）","lj:Taiyin_Instance","zz:Ou","","","【金匮11-18】",""
"fj:BanXiaXieXinTang_JinKui","半夏泻心汤证（金匮）","lj:Shaoyang_Instance","zz:OuErChangMing,zz:XinXiaPi","","","【金匮11-19】",""
"fj:HuangLianTang_JinKui","黄连汤证（金匮）","lj:Taiyang_Instance","zz:FuTong,zz:YuOu","","","【金匮11-20】",""
"fj:SiNiTang_JinKui","四逆汤证（金匮）","lj:Shaoyin_Instance","zz:OuErMaiRuo,zz:XiaoBianFuLi,zz:ShenWeiRe,zz:JianJue","","","【金匮11-21】",""
"fj:GanJiangHuangQinHuangLianRenShenTang_JinKui","干姜黄芩黄连人参汤证（金匮）","lj:Jueyin_Instance","zz:ShiRuKouJiTu","","","【金匮11-22】",""
"fj:ZeQiTang_ShuiQi","泽漆汤证（水气）","lj:Taiyin_Instance","zz:Ke,zz:ShuiZhong","mx:Pulse_Chen","","","【金匮12-21】"
"fj:MuFangJiTang","木防己汤证","lj:Taiyin_Instance","zz:KeNi,zz:XinXiaPi,zz:MianSeHei","mx:Pulse_ChenJin","","","【金匮12-24】"
"fj:MuFangJiQuShiGaoJiaFuLingMangXiaoTang","木防己去石膏加茯苓芒硝汤证","lj:Taiyin_Instance","zz:KeNi,zz:XinXiaPi,zz:MianSeHei","mx:Pulse_ChenJin","","","【金匮12-24】"
"fj:ZeXieTang","泽泻汤证","lj:Taiyin_Instance","zz:XinXiaYouZhiYin,zz:TouYun","","","【金匮12-25】",""
"fj:FuLingJianZhongTang","茯苓建中汤证","lj:Taiyin_Instance","zz:XinXiaYin,zz:FuMan","","","【金匮12-26】",""
"fj:GanSuiBanXiaTang","甘遂半夏汤证","lj:Taiyin_Instance","zz:LiuYin,zz:XinXiaJianMan","","","【金匮12-27】",""
"fj:ShiZaoTang_JinKui","十枣汤证（金匮）","lj:Taiyang_Instance","zz:XuanYin,zz:KeXieYinTong","","","【金匮12-28】",""
"fj:DaQingLongTang_JinKui","大青龙汤证（金匮）","lj:Taiyang_Instance","zz:YiYin,zz:ShenTiTengZhong","","","【金匮12-29】",""
"fj:XiaoQingLongTang_JinKui","小青龙汤证（金匮）","lj:Taiyang_Instance","zz:YiYin,zz:ShenTiTengZhong","","","【金匮12-29】",""
"fj:LingGuiZhuGanTang","苓桂术甘汤证","lj:Taiyin_Instance","zz:XinXiaYouTanYin,zz:XiongXieZhiMan,zz:MuXuan","mx:Pulse_ChenXian","","","【金匮12-30】"
"fj:ZeXieTang_JinKui","泽泻汤证（金匮）","lj:Taiyin_Instance","zz:KuMaoXuan","","","【金匮12-31】",""
"fj:FuLingGanCaoTang_ZhiYin","茯苓甘草汤证（支饮）","lj:Taiyin_Instance","zz:ZhiYin,zz:KeNi","","","【金匮12-32】",""
"fj:HouPoDaHuangTang","厚朴大黄汤证","lj:Yangming_Instance","zz:ZhiYin,zz:XiongMan","","","【金匮12-33】",""
"fj:XuanFuHuaTang","旋覆花汤证","lj:Jueyin_Instance","zz:XiongBi,zz:ChangYuTaQiXiongShang","","","【金匮12-34】",""
"fj:ZiCanTang_JinKui","紫参汤证（金匮）","lj:Jueyin_Instance","zz:ZhiYin,zz:KeNi","","","【金匮12-35】",""
"fj:QianJinWeiJingTang_JinKui","葶苈大枣泻肺汤证（金匮）","lj:Taiyang_Instance","zz:ZhiYin,zz:KeNi","","","【金匮12-36】",""
"fj:XiaoBanXiaTang_JinKui","小半夏汤证（金匮）","lj:Taiyin_Instance","zz:ZhiYin,zz:OuTu,zz:BuKe","","","【金匮12-37】",""
"fj:XiaoBanXiaJiaFuLingTang","小半夏加茯苓汤证","lj:Taiyin_Instance","zz:ZhiYin,zz:KeNi,zz:OuTu","","","【金匮12-38】",""
"fj:FangJiJiaoMuZhuLiDaHuangWan","防己椒目葶苈大黄丸证","lj:Taiyin_Instance","zz:FuMan,zz:KouSheGanZao,zz:ChangJianYouShuiQi","","","【金匮12-39】",""
"fj:XiaoBanXiaJiaFuLingTang_JinKui","小半夏加茯苓汤证（金匮）","lj:Taiyin_Instance","zz:GeJianYouShuiQi,zz:OuTuXuanJi","","","【金匮12-40】",""
"fj:WuLingSan_JinKui","五苓散证（金匮）","lj:Taiyang_Instance","zz:QiXiaJi,zz:TuXianMo,zz:TouXuan","","","【金匮12-41】",""
"fj:GanCaoMaHuangTang","甘草麻黄汤证","lj:Taiyang_Instance","zz:LiShui,zz:ShenMuHuangZhong","mx:Pulse_Chen","","","【金匮14-5】"
"fj:YueBiJiaZhuTang","越婢加术汤证","lj:Taiyang_Instance","zz:LiShui,zz:ShenMuHuangZhong","mx:Pulse_Chen","","","【金匮14-5】"
"fj:FangJiFuLingTang","防己茯苓汤证","lj:Taiyang_Instance","zz:PiShui,zz:SiZhiZhong,zz:PiFuZhongHongHongDong","","","【金匮14-6】",""
"fj:YueBiTang","越婢汤证","lj:Taiyang_Instance","zz:FengShui,zz:EFeng,zz:YiShenXiZhong,zz:BuKe,zz:ZiHanChu,zz:WuDaRe","mx:Pulse_Fu","","","【金匮14-7】"
"fj:YueBiJiaBanXiaTang_JinKui","越婢加半夏汤证（金匮）","lj:Taiyang_Instance","zz:FengShui,zz:EFeng,zz:YiShenXiZhong,zz:BuKe,zz:ZiHanChu,zz:WuDaRe","mx:Pulse_Fu","","","【金匮14-7】"
"pattern_id","pattern_name","liujing","symptom_list","pulse_list","tongue_list","jianjia_list","clause"
"fj:FangJiHuangQiTang_JinKui","防己黄芪汤证（水气）","lj:Taiyang_Instance","zz:FengShui,zz:ShenZhong,zz:HanChu,zz:EFeng","mx:Pulse_Fu","","","【金匮14-7】"
"fj:HuangQiGuiZhiWuWuTang","黄芪桂枝五物汤证","lj:Taiyang_Instance","zz:XueBi,zz:ShenTiBuRen,zz:RuFengBi","","","【金匮6-2】",""
"fj:FuLingGanCaoTang_JinKui","茯苓甘草汤证（水气）","lj:Taiyin_Instance","zz:ShuiQi,zz:XiaoBianBuLi,zz:Ke","","","【金匮14-8】",""
"fj:MaHuangFuZiGanCaoTang_JinKui","麻黄附子甘草汤证（水气）","lj:Shaoyin_Instance","zz:ShuiQi,zz:MaiChen","mx:Pulse_Chen","","","【金匮14-9】"
"fj:MaHuangJiaZhuTang_JinKui","麻黄加术汤证（水气）","lj:Taiyang_Instance","zz:ShuiQi,zz:ShenZhong","mx:Pulse_Fu","","","【金匮14-9】"
"fj:YueBiTang_JinKui","越婢汤证（水气）","lj:Taiyang_Instance","zz:FengShui,zz:YiShenXiZhong,zz:HanChu,zz:WuDaRe","mx:Pulse_Fu","","","【金匮14-10】"
"fj:YueBiJiaZhuTang_JinKui","越婢加术汤证（水气）","lj:Taiyang_Instance","zz:LiShui,zz:ShenMuHuangZhong","mx:Pulse_Chen","","","【金匮14-10】"
"fj:GanCaoMaHuangTang_JinKui","甘草麻黄汤证（水气）","lj:Taiyang_Instance","zz:LiShui,zz:ShenMuHuangZhong","mx:Pulse_Chen","","","【金匮14-10】"
"fj:HuangQiShaoYaoGuiZhiTang","黄芪芍药桂枝汤证","lj:Taiyang_Instance","zz:HuangHan,zz:ShenTiZhong,zz:Re,zz:Ke","mx:Pulse_Chen","","","【金匮14-11】"
"fj:GuiZhiJiaHuangQiTang_JinKui","桂枝加黄芪汤证（黄汗）","lj:Taiyang_Instance","zz:HuangHan,zz:YiShangHanChu,zz:YaoKuiChiTong,zz:ShenZhong","","","【金匮14-12】",""
"fj:GuiZhiShaoYaoZhiMuTang_JinKui","桂枝芍药知母汤证（历节）","lj:Jueyin_Instance","zz:ZhiJieTengTong,zz:ShenTiWangLei,zz:JiaoZhongRuTuo,zz:TouXuanDuanQi,zz:YuTu","","","【金匮5-8】",""
"fj:WuTouTang_JinKui","乌头汤证（历节）","lj:Taiyang_Instance","zz:LiJieBuKeQuShen,zz:TengTong","","","【金匮5-10】",""
"fj:GuiZhiLongGuMuLiTang_JinKui","桂枝龙骨牡蛎汤证（虚劳）","lj:Taiyang_Instance","zz:YiJing,zz:MengJiao","mx:Pulse_XuKongChi","","","【金匮6-8】"
"fj:TianXiongSan_JinKui","天雄散证（虚劳）","lj:Taiyang_Instance","zz:YiJing,zz:MengJiao","","","【金匮6-8】",""
"fj:QiWeiShuQiWan_JinKui","肾气丸证（虚劳）","lj:Shaoyin_Instance","zz:XuLaoYaoTong,zz:ShaoFuJuJi,zz:XiaoBianBuLi","","","【金匮6-15】",""
"fj:DaHuangZheChongWan_JinKui","大黄?虫丸证（虚劳）","lj:Jueyin_Instance","zz:JiFuJiaCuo,zz:LiangMuAnHei","","","【金匮6-18】",""
"fj:SheGanMaHuangTang_JinKui","射干麻黄汤证（肺痿肺痈）","lj:Taiyang_Instance","zz:KeNiShangQi,zz:HouZhongShuiJiSheng","","","【金匮7-6】",""
"fj:ZaoJiaoWan_JinKui","皂荚丸证（肺痿肺痈）","lj:Taiyang_Instance","zz:KeNiShangQi,zz:ShiShiTuZhuo,zz:DanZuoBuDeMian","","","【金匮7-7】",""
"fj:HouPoMaHuangTang_JinKui","厚朴麻黄汤证（肺痿肺痈）","lj:Taiyang_Instance","zz:Ke","mx:Pulse_Fu","","","【金匮7-8】"
"fj:ZeQiTang_JinKui","泽漆汤证（肺痿肺痈）","lj:Taiyin_Instance","zz:Ke","mx:Pulse_Chen","","","【金匮7-9】"
"fj:MaiMenDongTang_JinKui","麦门冬汤证（肺痿肺痈）","lj:Yangming_Instance","zz:DaNiShangQi,zz:YanHouBuLi","","","【金匮7-10】",""
"fj:QianJinWeiJingTang_JinKui","葶苈大枣泻肺汤证（肺痈）","lj:Taiyang_Instance","zz:FeiYong,zz:TuNongRuMiZhou","","","【金匮7-11】",""
"fj:YueBiJiaBanXiaTang_JinKui","越婢加半夏汤证（肺胀）","lj:Taiyang_Instance","zz:FeiZhang,zz:MuRuTuoZhuang","mx:Pulse_FuDa","","","【金匮7-13】"
"fj:XiaoQingLongJiaShiGaoTang_JinKui","小青龙加石膏汤证（肺胀）","lj:Taiyang_Instance","zz:FeiZhang,zz:KeErQiChuan","mx:Pulse_Fu","","","【金匮7-14】"
"fj:BenQiTang_JinKui","奔豚汤证（奔豚气）","lj:ChongRen","zz:BenQi,zz:QiShangChongXiong,zz:FuTong,zz:WangLaiHanRe","","","【金匮8-2】",""
"fj:GuaLouXieBaiBaiJiuTang_JinKui","瓜蒌薤白白酒汤证（胸痹）","lj:Taiyin_Instance","zz:XiongBi,zz:ChuanXiKeChuo,zz:XiongBeiTong","mx:Pulse_ChenChi,GuanShangXiaoJinShu","","","【金匮9-3】"
"fj:GuaLouXieBaiBanXiaTang_JinKui","瓜蒌薤白半夏汤证（胸痹）","lj:Taiyin_Instance","zz:XiongBi,zz:BuDeWo,zz:XinTongCheBei","","","【金匮9-4】",""
"fj:ZhiShiXieBaiGuiZhiTang_JinKui","枳实薤白桂枝汤证（胸痹）","lj:Taiyin_Instance","zz:XiongBi,zz:XinZhongPi,zz:XiongMan,zz:XieXiaNiQiangXin","","","【金匮9-5】",""
"fj:RenShenTang_JinKui","人参汤证（胸痹）","lj:Taiyin_Instance","zz:XiongBi,zz:XinZhongPi,zz:XiongMan,zz:XieXiaNiQiangXin","","","【金匮9-5】",""
"fj:FuLingXingRenGanCaoTang_JinKui","茯苓杏仁甘草汤证（胸痹）","lj:Taiyin_Instance","zz:XiongBi,zz:XiongZhongQiSai,zz:DuanQi","","","【金匮9-6】",""
"fj:JuPiZhiShiShengJiangTang_JinKui","橘皮枳实生姜汤证（胸痹）","lj:Taiyin_Instance","zz:XiongBi,zz:XiongZhongQiSai,zz:DuanQi","","","【金匮9-6】",""
"fj:YiYiFuZiSan_JinKui","薏苡附子散证（胸痹）","lj:Taiyin_Instance","zz:XiongBi,zz:ShiHuanShiJi","","","【金匮9-7】",""
"fj:GuiZhiShengJiangZhiShiTang_JinKui","桂枝生姜枳实汤证（胸痹）","lj:Taiyin_Instance","zz:XiongBi,zz:XinZhongXuanTong","","","【金匮9-8】",""
"fj:WuTouChiShiZhiWan_JinKui","乌头赤石脂丸证（胸痹）","lj:Taiyin_Instance","zz:XiongTongCheBei,zz:CheBeiTongXiong","","","【金匮9-9】",""
"fj:JiuTongWan_JinKui","九痛丸证（胸痹）","lj:Taiyin_Instance","zz:XiongBi,zz:XinXiaTong","","","【金匮9-10】",""
"fj:HouPoQiWuTang_JinKui","厚朴七物汤证（腹满）","lj:Yangming_Instance","zz:FuMan,zz:FaRe","mx:Pulse_FuShu","","","【金匮10-9】"
"fj:FuZiJingMiTang_JinKui","附子粳米汤证（腹满）","lj:Taiyin_Instance","zz:FuZhongQieTong,zz:LeiMing,zz:NiMan,zz:OuTu","","","【金匮10-10】",""
"fj:DaJianZhongTang_JinKui","大建中汤证（腹满）","lj:Taiyin_Instance","zz:FuZhongHanTong,zz:OuBuNengShi,zz:FuZhongHan,zz:ShangChongPiQi","","","【金匮10-14】",""
"fj:DaHuangFuZiXiXinTang_JinKui","大黄附子细辛汤证（腹满）","lj:Taiyin_Instance","zz:FuMan,zz:XieXiaPianTong,zz:FaWeiRe","mx:Pulse_XianJin","","","【金匮10-15】"
"fj:DaWuTouJian_JinKui","大乌头煎证（寒疝）","lj:Taiyin_Instance","zz:HanShan,zz:RaoQiErTong,zz:ShouZuJueLeng","","","【金匮10-17】",""
"fj:DangGuiShengJiangYangRouTang_JinKui","当归生姜羊肉汤证（寒疝）","lj:Taiyin_Instance","zz:HanShan,zz:FuZhongTong,zz:XieTongLiJi","","","【金匮10-18】",""
"fj:WuTouGuiZhiTang_JinKui","乌头桂枝汤证（寒疝）","lj:Taiyin_Instance","zz:HanShan,zz:FuZhongTong,zz:ShouZuBuRen,zz:NiLeng,zz:ShenTiTengTong","","","【金匮10-19】",""
"fj:ShengJiangBanXiaTang_JinKui","生姜半夏汤证（呕吐）","lj:Taiyin_Instance","zz:XiongZhongSiChuanBuChuan,zz:SiOuBuOu,zz:SiNiBuNi,zz:XinZhongFenFenRan","","","【金匮11-11】",""
"fj:JuPiTang_JinKui","橘皮汤证（呕吐）","lj:Taiyin_Instance","zz:GanOuNi,zz:ShouZuJue","","","【金匮11-12】",""
"fj:JuPiZhuRuTang_JinKui","橘皮竹茹汤证（呕吐）","lj:Taiyin_Instance","zz:NiNi,zz:Xu","","","【金匮11-13】",""
"fj:XiaoBanXiaTang_JinKui","小半夏汤证（呕吐）","lj:Taiyin_Instance","zz:ZhuOu,zz:GuBuDeXia","","","【金匮11-14】",""
"fj:GanJiangBanXiaTang_JinKui","干姜半夏汤证（呕吐）","lj:Taiyin_Instance","zz:GanOu,zz:TuXianMo","","","【金匮11-15】",""
"fj:HuangQinTang_JinKui","黄芩汤证（呕吐）","lj:Shaoyang_Instance","zz:GanOu,zz:XiaLi","","","【金匮11-16】",""
"fj:BanXiaXieXinTang_JinKui","半夏泻心汤证（呕吐）","lj:Shaoyang_Instance","zz:OuErChangMing,zz:XinXiaPi","","","【金匮11-19】",""
"fj:HuangLianTang_JinKui","黄连汤证（呕吐）","lj:Taiyang_Instance","zz:FuTong,zz:YuOu","","","【金匮11-20】",""
"fj:GanJiangHuangQinHuangLianRenShenTang_JinKui","干姜黄芩黄连人参汤证（呕吐）","lj:Jueyin_Instance","zz:ShiRuKouJiTu","","","【金匮11-22】",""
"fj:MuFangJiTang_JinKui","木防己汤证（痰饮）","lj:Taiyin_Instance","zz:KeNi,zz:XinXiaPi,zz:MianSeHei","mx:Pulse_ChenJin","","","【金匮12-24】"
"fj:MuFangJiQuShiGaoJiaFuLingMangXiaoTang_JinKui","木防己去石膏加茯苓芒硝汤证（痰饮）","lj:Taiyin_Instance","zz:KeNi,zz:XinXiaPi,zz:MianSeHei","mx:Pulse_ChenJin","","","【金匮12-24】"
"fj:ZeXieTang_JinKui","泽泻汤证（痰饮）","lj:Taiyin_Instance","zz:XinXiaYouZhiYin,zz:TouYun","","","【金匮12-25】",""
"fj:FuLingJianZhongTang","茯苓建中汤证","lj:Taiyin_Instance","zz:XinXiaYin,zz:FuMan","","","【金匮12-26】",""
"fj:GanSuiBanXiaTang_JinKui","甘遂半夏汤证（痰饮）","lj:Taiyin_Instance","zz:LiuYin,zz:XinXiaJianMan","","","【金匮12-27】",""
"fj:ShiZaoTang_JinKui","十枣汤证（悬饮）","lj:Taiyang_Instance","zz:XuanYin,zz:KeXieYinTong","","","【金匮12-28】",""
"fj:DaQingLongTang_JinKui","大青龙汤证（溢饮）","lj:Taiyang_Instance","zz:YiYin,zz:ShenTiTengZhong","","","【金匮12-29】",""
"fj:XiaoQingLongTang_JinKui","小青龙汤证（溢饮）","lj:Taiyang_Instance","zz:YiYin,zz:ShenTiTengZhong","","","【金匮12-29】",""
"fj:LingGuiZhuGanTang_JinKui","苓桂术甘汤证（痰饮）","lj:Taiyin_Instance","zz:XinXiaYouTanYin,zz:XiongXieZhiMan,zz:MuXuan","mx:Pulse_ChenXian","","","【金匮12-30】"
"fj:ZeXieTang_JinKui","泽泻汤证（支饮）","lj:Taiyin_Instance","zz:KuMaoXuan","","","【金匮12-31】",""
"fj:FuLingGanCaoTang_ZhiYin","茯苓甘草汤证（支饮）","lj:Taiyin_Instance","zz:ZhiYin,zz:KeNi","","","【金匮12-32】",""
"fj:HouPoDaHuangTang","厚朴大黄汤证","lj:Yangming_Instance","zz:ZhiYin,zz:XiongMan","","","【金匮12-33】",""
"fj:XuanFuHuaTang_JinKui","旋覆花汤证（肝着）","lj:Jueyin_Instance","zz:XiongBi,zz:ChangYuTaQiXiongShang","","","【金匮12-34】",""
"fj:ZiCanTang_JinKui","紫参汤证（肺痈）","lj:Jueyin_Instance","zz:ZhiYin,zz:KeNi","","","【金匮12-35】",""
"fj:QianJinWeiJingTang_JinKui","葶苈大枣泻肺汤证（支饮）","lj:Taiyang_Instance","zz:ZhiYin,zz:KeNi","","","【金匮12-36】",""
"fj:XiaoBanXiaTang_ZhiYin","小半夏汤证（支饮）","lj:Taiyin_Instance","zz:ZhiYin,zz:OuTu,zz:BuKe","","","【金匮12-37】",""
"fj:XiaoBanXiaJiaFuLingTang","小半夏加茯苓汤证","lj:Taiyin_Instance","zz:ZhiYin,zz:KeNi,zz:OuTu","","","【金匮12-38】",""
"fj:FangJiJiaoMuZhuLiDaHuangWan","防己椒目葶苈大黄丸证","lj:Taiyin_Instance","zz:FuMan,zz:KouSheGanZao,zz:ChangJianYouShuiQi","","","【金匮12-39】",""
"fj:XiaoBanXiaJiaFuLingTang_JinKui","小半夏加茯苓汤证（水饮）","lj:Taiyin_Instance","zz:GeJianYouShuiQi,zz:OuTuXuanJi","","","【金匮12-40】",""
"fj:WuLingSan_JinKui","五苓散证（水饮）","lj:Taiyang_Instance","zz:QiXiaJi,zz:TuXianMo,zz:TouXuan","","","【金匮12-41】",""
"fj:GanCaoMaHuangTang_LiShui","甘草麻黄汤证（水气病）","lj:Taiyang_Instance","zz:LiShui,zz:ShenMuHuangZhong","mx:Pulse_Chen","","","【金匮14-5】"
"fj:YueBiJiaZhuTang_JinKui","越婢加术汤证（水气病）","lj:Taiyang_Instance","zz:LiShui,zz:ShenMuHuangZhong","mx:Pulse_Chen","","","【金匮14-5】"
"fj:FangJiFuLingTang","防己茯苓汤证","lj:Taiyang_Instance","zz:PiShui,zz:SiZhiZhong,zz:PiFuZhongHongHongDong","","","【金匮14-6】",""
"fj:YueBiTang_JinKui","越婢汤证（水气病）","lj:Taiyang_Instance","zz:FengShui,zz:EFeng,zz:YiShenXiZhong,zz:BuKe,zz:ZiHanChu,zz:WuDaRe","mx:Pulse_Fu","","","【金匮14-7】"
"fj:FuLingGanCaoTang_LiShui","茯苓甘草汤证（水气病）","lj:Taiyin_Instance","zz:ShuiQi,zz:XiaoBianBuLi,zz:Ke","","","【金匮14-8】",""
"fj:MaHuangFuZiGanCaoTang_LiShui","麻黄附子甘草汤证（水气病）","lj:Shaoyin_Instance","zz:ShuiQi,zz:MaiChen","mx:Pulse_Chen","","","【金匮14-9】"
"fj:MaHuangJiaZhuTang_LiShui","麻黄加术汤证（水气病）","lj:Taiyang_Instance","zz:ShuiQi,zz:ShenZhong","mx:Pulse_Fu","","","【金匮14-9】"
"fj:HuangQiShaoYaoGuiZhiTang_JinKui","黄芪芍药桂枝汤证（黄汗）","lj:Taiyang_Instance","zz:HuangHan,zz:ShenTiZhong,zz:Re,zz:Ke","mx:Pulse_Chen","","","【金匮14-11】"
"fj:GuiZhiJiaHuangQiTang_HuangHan","桂枝加黄芪汤证（黄汗）","lj:Taiyang_Instance","zz:HuangHan,zz:YiShangHanChu,zz:YaoKuiChiTong,zz:ShenZhong","","","【金匮14-12】",""
"fj:YinChenHaoTang_JinKui","茵陈蒿汤证（黄疸）","lj:Yangming_Instance","zz:HuangDan,zz:XiaoBianBuLi,zz:FuMan","","","【金匮15-13】",""
"fj:XiaoShiFanShiSan","硝石矾石散证","lj:Jueyin_Instance","zz:NvLao,zz:FuMan,zz:ShenJinHuang,zz:EShangHei,zz:ZuXiaRe","","","【金匮15-14】",""
"fj:ZhiZiDaHuangTang_JinKui","栀子大黄汤证（黄疸）","lj:Yangming_Instance","zz:HuangDan,zz:XinZhongAoNong,zz:ReTong","","","【金匮15-15】",""
"fj:ZhuGaoFaJian_JinKui","猪膏发煎证（黄疸）","lj:Yangming_Instance","zz:HuangDan,zz:JinYeKuZao,zz:SeAnBuMing","","","【金匮15-16】",""
"fj:YinChenWuLingSan","茵陈五苓散证","lj:Taiyang_Instance","zz:HuangDan,zz:XiaoBianBuLi","","","【金匮15-18】",""
"fj:DaHuangXiaoShiTang_JinKui","大黄硝石汤证（黄疸）","lj:Yangming_Instance","zz:HuangDan,zz:FuMan,zz:XiaoBianBuLi,zz:ZiHan","","","【金匮15-19】",""
"fj:MuLiZeXieSan","牡蛎泽泻散证","lj:Taiyin_Instance","zz:DaBingChaHou,zz:YaoYiXiaYouShuiQi","","","【金匮15-21】",""
"fj:HuangTuTang","黄土汤证","lj:Taiyin_Instance","zz:XiaXue,zz:XianBianHouXue,zz:SeAnDan","","","【金匮16-15】",""
"fj:ChiXiaoDouDangGuiSan_JinKui","赤小豆当归散证（便血）","lj:Taiyang_Instance","zz:XiaXue,zz:XianXueHouBian,zz:SeXianHong","","","【金匮16-16】",""
"fj:XieXinTang","泻心汤证（吐血）","lj:Yangming_Instance","zz:TuXue,zz:QiBuZu","","","【金匮16-17】",""
"fj:BaiYeTang","柏叶汤证","lj:Taiyin_Instance","zz:TuXueBuZhi","","","【金匮16-18】",""
"fj:WangBuLiuXingSan","王不留行散证","lj:Taiyang_Instance","zz:JinChuang,zz:ShenYouChuang","","","【金匮16-19】",""
"fj:PaiNongSan","排脓散证","lj:Yangming_Instance","zz:ChuangYong,zz:YouNong","","","【金匮16-20】",""
"fj:PaiNongTang","排脓汤证","lj:Yangming_Instance","zz:ChuangYong,zz:YouNong","","","【金匮16-20】",""
"fj:YiYiFuZiBaiJiangSan_JinKui","薏苡附子败酱散证（肠痈）","lj:Yangming_Instance","zz:ShenTiJiaCuo,zz:FuPiJi,zz:AnZhiRu,zz:RuZhongZhuang","","","【金匮18-3】",""
"fj:DaHuangMuDanTang_JinKui","大黄牡丹汤证（肠痈）","lj:Yangming_Instance","zz:ShaoFuZhongPi,zz:AnZhiJiTong,zz:FaRe,zz:ZiHan,zz:EHan","","","【金匮18-4】",""
"fj:ZhiShiSan","枳实散证","lj:Jueyin_Instance","zz:GuShan","","","【金匮19-7】",""
"fj:GuiZhiFuLingWan","桂枝茯苓丸证","lj:Jueyin_Instance","zz:ZhengJia,zz:LouXiaBuZhi,zz:TaiDong","","","【金匮20-2】",""
"fj:JiaoAiTang","胶艾汤证","lj:Taiyin_Instance","zz:BanChanHouXuXiaXue,zz:FuTong","","","【金匮20-4】",""
"fj:DangGuiShaoYaoSan","当归芍药散证","lj:Taiyin_Instance","zz:FuZhongJiaoTong,zz:ShuiZhong","","","【金匮20-5】",""
"fj:GanJiangRenShenBanXiaWan","干姜人参半夏丸证","lj:Taiyin_Instance","zz:RenShen,zz:OuTuBuZhi","","","【金匮20-6】",""
"fj:DangGuiBeiMuKuShenWan","当归贝母苦参丸证","lj:Shaoyin_Instance","zz:RenShen,zz:XiaoBianNan","","","【金匮20-7】",""
"fj:KuiHuaFuLingSan","葵子茯苓散证","lj:Taiyang_Instance","zz:RenShen,zz:ShuiQi,zz:XiaoBianBuLi,zz:TouXuan","","","【金匮20-8】",""
"fj:DangGuiSan","当归散证","lj:Taiyin_Instance","zz:RenShen,zz:ChangFu","","","【金匮20-9】",""
"pattern_id","pattern_name","liujing","symptom_list","pulse_list","tongue_list","jianjia_list","clause"
"fj:XiaoChaiHuTang_ChanHou","小柴胡汤证（产后郁冒）","lj:Shaoyang_Instance","zz:ChanHou,zz:YuMao,zz:OuBuNengShi,zz:DaBianJian,zz:DanTouHanChu","mx:Pulse_WeiRuo","","","【金匮21-2】"
"fj:DaChengQiTang_ChanHou","大承气汤证（产后胃实）","lj:Yangming_Instance","zz:ChanHou,zz:YuMaoJie,zz:NengShi,zz:BaQiRiGengFaRe","","","【金匮21-3】",""
"fj:DangGuiShengJiangYangRouTang_ChanHou","当归生姜羊肉汤证（产后腹痛）","lj:Taiyin_Instance","zz:ChanHou,zz:FuZhongJiaoTong","","","【金匮21-4】",""
"fj:ZhiShiShaoYaoSan","枳实芍药散证","lj:Jueyin_Instance","zz:ChanHou,zz:FuTong,zz:FanManBuDeWo","","","【金匮21-5】",""
"fj:XiaYuXueTang","下瘀血汤证","lj:Jueyin_Instance","zz:ChanHou,zz:FuZhongYouYuXueZhuQiXia","","","【金匮21-6】",""
"fj:ZhuYeTang","竹叶汤证","lj:Taiyang_Instance","zz:ChanHou,zz:ZhongFeng,zz:FaRe,zz:MianChi,zz:TouTong,zz:HanChu,zz:Chuan","mx:Pulse_XianShu","","","【金匮21-7】"
"fj:ZhuPiDaWan","竹皮大丸证","lj:Jueyin_Instance","zz:ChanHou,zz:FanLuan,zz:OuNi,zz:WuWaiZheng","","","【金匮21-8】",""
"fj:BaiTouWengJiaGanCaoEJiaoTang","白头翁加甘草阿胶汤证（产后下利）","lj:Jueyin_Instance","zz:ChanHou,zz:XiaLi","mx:Pulse_XuJi","","","【金匮21-9】"
"fj:BanXiaHouPoFuLingShengJiangTang","半夏厚朴茯苓生姜汤证","lj:Jueyin_Instance","zz:YanZhongRuYouZhiRou","","","【金匮22-5】",""
"fj:GanCaoXiaoMaiDaZaoTang","甘草小麦大枣汤证","lj:Jueyin_Instance","zz:ZangZao,zz:BeiShangYuKu,zz:ShuQianShen,zz:XiangRuShenLingSuoZuo","","","【金匮22-6】",""
"fj:WenJingTang_Fuke","温经汤证（妇人杂病）","lj:Jueyin_Instance","zz:NianWuShiSuo,zz:XiaXueShuRiBuZhi,zz:MuJiFaRe,zz:ShaoFuLiJi,zz:FuMan,zz:ShouZhangFanRe,zz:ChunKouGanZao","","","【金匮22-9】",""
"fj:TuGuaGenSan","土瓜根散证","lj:Jueyin_Instance","zz:JingShuiBuLi,zz:ShaoFuManTong,zz:HuoYiYueZaiJing","","","【金匮22-10】",""
"fj:XuanFuHuaTang_Fuke","旋覆花汤证（妇人半产漏下）","lj:Jueyin_Instance","zz:BanChan,zz:LouXia","","","【金匮22-11】",""
"fj:JiaoJiangTang","胶姜汤证","lj:Taiyin_Instance","zz:FuRenXianJingLouXia,zz:SeHeiRuKuai","","","【金匮22-12】",""
"fj:DaHuangGanSuiEJiaoTang","大黄甘遂阿胶汤证","lj:Taiyin_Instance","zz:FuRenShaoFuManRuDunZhuang,zz:XiaoBianWeiNan,zz:BuKe","","","【金匮22-13】",""
"fj:DiDangTang_Fuke","抵当汤证（妇人经水不利）","lj:Taiyang_Instance","zz:FuRenShiFuTong,zz:JingShuiShiXingShiZhi","","","【金匮22-14】",""
"fj:FanShiWan","矾石丸证","lj:Jueyin_Instance","zz:FuRenJingShuiBi,zz:ZangJianBi,zz:XiaBaiWuBuZhi","","","【金匮22-15】",""
"fj:HongLanHuaJiu","红蓝花酒证","lj:Jueyin_Instance","zz:FuRenLiuShiErZhongFeng,zz:FuZhongQiXueRuCiTong","","","【金匮22-16】",""
"fj:DangGuiShaoYaoSan_Fuke","当归芍药散证（妇人腹中痛）","lj:Taiyin_Instance","zz:FuRenFuZhongZhuJiTong","","","【金匮22-17】",""
"fj:XiaoJianZhongTang_Fuke","小建中汤证（妇人腹中痛）","lj:Taiyin_Instance","zz:FuRenFuZhongZhuJiTong","","","【金匮22-18】",""
"fj:ShenQiWan_Fuke","肾气丸证（妇人转胞）","lj:Shaoyin_Instance","zz:FuRen,zz:YinShiRuGu,zz:FanReBuDeWo,zz:ErFanYiXi","","","【金匮22-19】",""
"fj:SheChuangZiSan","蛇床子散证","lj:Jueyin_Instance","zz:FuRenYinHan","","","【金匮22-20】",""
"fj:LangYaTang","狼牙汤证","lj:Jueyin_Instance","zz:YinZhongChuang,zz:ShiLan","","","【金匮22-21】",""
"fj:ZhuGaoFaJian_Fuke","猪膏发煎证（妇人阴吹）","lj:Yangming_Instance","zz:WeiQiXiaXie,zz:YinChuiErXuan,zz:RuShiQi","","","【金匮22-22】",""
"fj:JiGuanZiSan","鸡冠子散证","lj:Jueyin_Instance","zz:NanRenGuShan,zz:NvRenYinTui","","","【金匮附方】",""
"fj:ZiShiYingWan","紫石英丸证","lj:Jueyin_Instance","zz:FengHan,zz:FuRenJingShuiBuDiao","","","【金匮附方】",""
"fj:ZhiShiTang","枳实汤证","lj:Yangming_Instance","zz:ShiJi,zz:FuZhang","","","【金匮附方】",""
"fj:MuXiangSan","木香散证","lj:Jueyin_Instance","zz:QiNi,zz:FuTong","","","【金匮附方】",""
"fj:YuLiangWan","禹余粮丸证","lj:Taiyin_Instance","zz:JingShuiBuDiao,zz:XiaLi","","","【金匮附方】",""
"fj:ZhiShiFuZiTang","枳实附子汤证","lj:Taiyin_Instance","zz:HanShan,zz:FuTong","","","【金匮附方】",""
"fj:DangGuiLiuHuangTang","当归硫黄汤证","lj:Shaoyin_Instance","zz:YangXu,zz:JingShuiBuDiao","","","【金匮附方】",""
"fj:FuLingSan","茯苓散证","lj:Taiyin_Instance","zz:ShuiQi,zz:XiaoBianBuLi","","","【金匮附方】",""
"fj:ZhuLingSan","猪苓散证","lj:Taiyang_Instance","zz:ShuiQi,zz:XiaoBianBuLi","","","【金匮附方】",""
"fj:ZeXieWan","泽泻丸证","lj:Taiyin_Instance","zz:XuanYin,zz:Ke","","","【金匮附方】",""
"fj:MuLiSan","牡蛎散证","lj:Jueyin_Instance","zz:XuFan,zz:HanChu","","","【金匮附方】",""
"fj:FuLingGuiZhiWan","茯苓桂枝丸证","lj:Taiyin_Instance","zz:ShuiQi,zz:XinJi","","","【金匮附方】",""
"fj:ZhiShiGanCaoTang","枳实甘草汤证","lj:Yangming_Instance","zz:FuZhang,zz:DaBianJian","","","【金匮附方】",""
"fj:BanXiaSan","半夏散证","lj:Taiyang_Instance","zz:YanTong","","","【金匮附方】",""
"fj:GuiZhiHuangLianTang","桂枝黄连汤证","lj:Jueyin_Instance","zz:ReLi,zz:FuTong","","","【金匮附方】",""
"fj:HuangQinSan","黄芩散证","lj:Shaoyang_Instance","zz:ReLi,zz:FuTong","","","【金匮附方】",""
"fj:FuLingBanXiaTang","茯苓半夏汤证","lj:Taiyin_Instance","zz:OuTu,zz:XinXiaPi","","","【金匮附方】",""
"fj:ZhiZiSan","栀子散证","lj:Yangming_Instance","zz:XuFan,zz:HanChu","","","【金匮附方】",""
"fj:ShiGaoSan","石膏散证","lj:Yangming_Instance","zz:DaKe,zz:ShenRe","","","【金匮附方】",""
"fj:ZhiMuSan","知母散证","lj:Yangming_Instance","zz:Re,zz:Ke","","","【金匮附方】",""
"fj:ShengDiHuangWan","生地黄丸证","lj:Shaoyin_Instance","zz:XuLao,zz:ShaoFuTong","","","【金匮附方】",""
"fj:DanPiSan","丹皮散证","lj:Jueyin_Instance","zz:YuXue,zz:ShaoFuTong","","","【金匮附方】",""
"fj:ChaiHuSan","柴胡散证","lj:Shaoyang_Instance","zz:WangLaiHanRe,zz:XiongMan","","","【金匮附方】",""
"fj:QinPiSan","秦皮散证","lj:Jueyin_Instance","zz:ReLi,zz:YanTong","","","【金匮附方】",""
"fj:ZiShenTang","紫参汤证（附）","lj:Jueyin_Instance","zz:XiaLi,zz:FuTong","","","【金匮附方】",""
"fj:LiuHuangSan","硫黄散证","lj:Shaoyin_Instance","zz:YangXu,zz:HanZheng","","","【金匮附方】",""
"fj:XiongHuangWan","雄黄丸证","lj:Taiyang_Instance","zz:ChongDu,zz:FuTong","","","【金匮附方】",""
"fj:ZhuShaWan","朱砂丸证","lj:Jueyin_Instance","zz:JingKong,zz:XinJi","","","【金匮附方】",""
"fj:SuHeXiangWan","苏合香丸证","lj:Jueyin_Instance","zz:JueNi,zz:FuTong","","","【金匮附方】",""
"fj:SheXiangWan","麝香丸证","lj:Jueyin_Instance","zz:ZhongE,zz:FuTong","","","【金匮附方】",""
