symptomIris,pulseIris,tongueIris,fuzhengIris,病证,兼夹证,方剂,组成的药方,加减药物
http://www.tcm-classics.org/jingfang#Fare_instance;http://www.tcm-classics.org/jingfang#Efeng_instance;http://www.tcm-classics.org/jingfang#Hanchu_instance,http://www.tcm-classics.org/jingfang#Fumai_instance;http://www.tcm-classics.org/jingfang#Huanmai_instance,,,太阳病,,桂枝汤,桂枝;芍药;甘草;生姜;大枣,
http://www.tcm-classics.org/jingfang#Fare_instance;http://www.tcm-classics.org/jingfang#Ehan_instance;http://www.tcm-classics.org/jingfang#Wuhan_instance,http://www.tcm-classics.org/jingfang#Fumai_instance;http://www.tcm-classics.org/jingfang#Jinmai_instance,,,太阳病,,麻黄汤,麻黄;桂枝;杏仁;甘草,
http://www.tcm-classics.org/jingfang#DanreBuhan_instance;http://www.tcm-classics.org/jingfang#Kouke_instance;http://www.tcm-classics.org/jingfang#DaRe_instance;http://www.tcm-classics.org/jingfang#DaKe_instance;http://www.tcm-classics.org/jingfang#DaHan_instance,http://www.tcm-classics.org/jingfang#Hongdamai_instance,,,阳明病,,白虎汤,石膏;知母;甘草;粳米,
http://www.tcm-classics.org/jingfang#DanreBuhan_instance;http://www.tcm-classics.org/jingfang#Kouke_instance;http://www.tcm-classics.org/jingfang#Chaore_instance;http://www.tcm-classics.org/jingfang#Bianmi_instance;http://www.tcm-classics.org/jingfang#Zhanwang_instance,http://www.tcm-classics.org/jingfang#Chenshimai_instance,http://www.tcm-classics.org/jingfang#HuangzaoQiciTai_instance,http://www.tcm-classics.org/jingfang#FumanYingtong_instance,阳明病,,大承气汤,大黄;芒硝;厚朴;枳实,
http://www.tcm-classics.org/jingfang#WanglaiHanre_instance;http://www.tcm-classics.org/jingfang#XiongxieKuman_instance;http://www.tcm-classics.org/jingfang#HeiheiBuyuYinshi_instance;http://www.tcm-classics.org/jingfang#XinfanXiou_instance;http://www.tcm-classics.org/jingfang#Kouku_instance,http://www.tcm-classics.org/jingfang#Xianmai_instance,,,少阳病,,小柴胡汤,柴胡;黄芩;人参;半夏;甘草;生姜;大枣,
http://www.tcm-classics.org/jingfang#WanglaiHanre_instance;http://www.tcm-classics.org/jingfang#XiongxieKuman_instance;http://www.tcm-classics.org/jingfang#XinxiaJi_instance;http://www.tcm-classics.org/jingfang#OuBuzhi_instance;http://www.tcm-classics.org/jingfang#YuyuWeifan_instance;http://www.tcm-classics.org/jingfang#Bianmi_instance;http://www.tcm-classics.org/jingfang#Kouku_instance,http://www.tcm-classics.org/jingfang#Xianmai_instance,,http://www.tcm-classics.org/jingfang#XinxiaAnzhiMantong_instance,少阳阳明合病,,大柴胡汤,柴胡;黄芩;芍药;半夏;生姜;枳实;大枣;大黄,
http://www.tcm-classics.org/jingfang#Fuman_instance;http://www.tcm-classics.org/jingfang#Outu_instance;http://www.tcm-classics.org/jingfang#ShiBuXia_instance;http://www.tcm-classics.org/jingfang#Xiali_instance;http://www.tcm-classics.org/jingfang#ShiFuZiTong_instance;http://www.tcm-classics.org/jingfang#BuKe_instance,http://www.tcm-classics.org/jingfang#Chenruomai_instance,,,太阴病,,理中汤,人参;干姜;甘草;白术,
http://www.tcm-classics.org/jingfang#Fuman_instance;http://www.tcm-classics.org/jingfang#Outu_instance;http://www.tcm-classics.org/jingfang#Xiali_instance;http://www.tcm-classics.org/jingfang#XialiQinggu_instance;http://www.tcm-classics.org/jingfang#ShouzuJueleng_instance;http://www.tcm-classics.org/jingfang#DanYuMei_instance,http://www.tcm-classics.org/jingfang#Chenweimai_instance,,,少阴病,,四逆汤,附子;干姜;甘草,
http://www.tcm-classics.org/jingfang#Fare_instance;http://www.tcm-classics.org/jingfang#Ehan_instance;http://www.tcm-classics.org/jingfang#Wuhan_instance;http://www.tcm-classics.org/jingfang#DanYuMei_instance,http://www.tcm-classics.org/jingfang#Chenmai_instance;http://www.tcm-classics.org/jingfang#Weiximai_instance,,,少阴病,,麻黄附子细辛汤,麻黄;附子;细辛,
http://www.tcm-classics.org/jingfang#Ehan_instance;http://www.tcm-classics.org/jingfang#DanYuMei_instance;http://www.tcm-classics.org/jingfang#Xinxiajidong_instance;http://www.tcm-classics.org/jingfang#Touxuan_instance;http://www.tcm-classics.org/jingfang#ShenShunDong_instance;http://www.tcm-classics.org/jingfang#Futong_instance;http://www.tcm-classics.org/jingfang#XiaobianBuli_instance;http://www.tcm-classics.org/jingfang#SizhiChenzhongTengtong_instance;http://www.tcm-classics.org/jingfang#Xiali_instance;http://www.tcm-classics.org/jingfang#ShouzuJueleng_instance,http://www.tcm-classics.org/jingfang#Weiximai_instance,,,少阴病,,真武汤,附子;白术;茯苓;生姜;芍药,
http://www.tcm-classics.org/jingfang#Xiaoke_instance;http://www.tcm-classics.org/jingfang#QiShangZhuangXin_instance;http://www.tcm-classics.org/jingfang#XinzhongTengre_instance;http://www.tcm-classics.org/jingfang#JiErBuyuShi_instance;http://www.tcm-classics.org/jingfang#ShiZeTuHui_instance;http://www.tcm-classics.org/jingfang#ShouzuJueleng_instance;http://www.tcm-classics.org/jingfang#Kouku_instance,http://www.tcm-classics.org/jingfang#Weiximai_instance,,,厥阴病,,乌梅丸,乌梅;细辛;干姜;黄连;当归;附子;蜀椒;桂枝;人参;黄柏,
http://www.tcm-classics.org/jingfang#WanglaiHanre_instance;http://www.tcm-classics.org/jingfang#XiongxieManWeijie_instance;http://www.tcm-classics.org/jingfang#XiaobianBuli_instance;http://www.tcm-classics.org/jingfang#KeErBuOu_instance;http://www.tcm-classics.org/jingfang#DanTouHanchu_instance;http://www.tcm-classics.org/jingfang#Xinfan_instance,http://www.tcm-classics.org/jingfang#Xianmai_instance,,,厥阴病,痰饮证,柴胡桂枝干姜汤,柴胡;桂枝;干姜;瓜蒌根;黄芩;牡蛎;甘草,
http://www.tcm-classics.org/jingfang#Fare_instance;http://www.tcm-classics.org/jingfang#Ehan_instance;http://www.tcm-classics.org/jingfang#Wuhan_instance;http://www.tcm-classics.org/jingfang#DanreBuhan_instance;http://www.tcm-classics.org/jingfang#Kouke_instance;http://www.tcm-classics.org/jingfang#DaHan_instance;http://www.tcm-classics.org/jingfang#WanglaiHanre_instance;http://www.tcm-classics.org/jingfang#XiongxieKuman_instance;http://www.tcm-classics.org/jingfang#Kouku_instance;http://www.tcm-classics.org/jingfang#Fuman_instance;http://www.tcm-classics.org/jingfang#Shenzhong_instance;http://www.tcm-classics.org/jingfang#Nanyizhuance_instance;http://www.tcm-classics.org/jingfang#Kouburen_instance;http://www.tcm-classics.org/jingfang#Miangou_instance;http://www.tcm-classics.org/jingfang#Zhanwang_instance;http://www.tcm-classics.org/jingfang#Yiniao_instance;http://www.tcm-classics.org/jingfang#DanYuMei_instance;http://www.tcm-classics.org/jingfang#MuHeZeHan_instance,http://www.tcm-classics.org/jingfang#Fumai_instance;http://www.tcm-classics.org/jingfang#Hongdamai_instance;http://www.tcm-classics.org/jingfang#Xianmai_instance,,,三阳合病,,柴胡白虎汤,柴胡;黄芩;人参;半夏;甘草;生姜;大枣;石膏;知母;粳米,
http://www.tcm-classics.org/jingfang#WanglaiHanre_instance;http://www.tcm-classics.org/jingfang#XiongxieKuman_instance;http://www.tcm-classics.org/jingfang#Kouku_instance;http://www.tcm-classics.org/jingfang#Citong_instance;http://www.tcm-classics.org/jingfang#XiongMan_instance,http://www.tcm-classics.org/jingfang#Xianmai_instance;http://www.tcm-classics.org/jingfang#Semai_instance,http://www.tcm-classics.org/jingfang#SheZiAn_instance,,少阳病,瘀血证,小柴胡汤,柴胡;黄芩;人参;半夏;甘草;生姜;大枣,
http://www.tcm-classics.org/jingfang#WanglaiHanre_instance;http://www.tcm-classics.org/jingfang#XiongxieKuman_instance;http://www.tcm-classics.org/jingfang#Kouku_instance;http://www.tcm-classics.org/jingfang#Touxuan_instance;http://www.tcm-classics.org/jingfang#Xinji_instance,http://www.tcm-classics.org/jingfang#Xianmai_instance;http://www.tcm-classics.org/jingfang#ChenXianHuamai_instance,http://www.tcm-classics.org/jingfang#SheTaiHuaNi_instance,,少阳病,痰饮证,小柴胡汤,柴胡;黄芩;人参;半夏;甘草;生姜;大枣,茯苓
http://www.tcm-classics.org/jingfang#WanglaiHanre_instance;http://www.tcm-classics.org/jingfang#XiongxieKuman_instance;http://www.tcm-classics.org/jingfang#Kouku_instance;http://www.tcm-classics.org/jingfang#HeiheiBuyuYinshi_instance;http://www.tcm-classics.org/jingfang#XinfanXiou_instance;http://www.tcm-classics.org/jingfang#QingzhiYiyu_instance;http://www.tcm-classics.org/jingfang#ShanTaixi_instance;http://www.tcm-classics.org/jingfang#YanZhongRuYouZhiLian_instance,http://www.tcm-classics.org/jingfang#Xianmai_instance,,,少阳病,气郁证,小柴胡汤,柴胡;黄芩;人参;半夏;甘草;生姜;大枣,
http://www.tcm-classics.org/jingfang#XinxiaPi_instance;http://www.tcm-classics.org/jingfang#Xiali_instance,http://www.tcm-classics.org/jingfang#ChenXianHuamai_instance,,,太阴病,痰饮证,甘遂半夏汤,甘遂;半夏;芍药;甘草,
http://www.tcm-classics.org/jingfang#Futong_instance;http://www.tcm-classics.org/jingfang#XiongxieKuman_instance;http://www.tcm-classics.org/jingfang#Outu_instance;http://www.tcm-classics.org/jingfang#Changming_instance,http://www.tcm-classics.org/jingfang#Chenchimai_instance,,,太阴病,,附子粳米汤,附子;半夏;粳米;甘草;大枣,
http://www.tcm-classics.org/jingfang#XiaobianBuli_instance;http://www.tcm-classics.org/jingfang#Kouke_instance,http://www.tcm-classics.org/jingfang#Chenmai_instance,,,厥阴病,痰饮证,栝楼瞿麦丸,瓜蒌根;附子;茯苓;山药;瞿麦,
http://www.tcm-classics.org/jingfang#XiangbeiQiangjiji_instance;http://www.tcm-classics.org/jingfang#Hanchu_instance;http://www.tcm-classics.org/jingfang#Efeng_instance,http://www.tcm-classics.org/jingfang#Fumai_instance;http://www.tcm-classics.org/jingfang#Huanmai_instance,,,太阳病,,桂枝加葛根汤,葛根;桂枝;芍药;甘草;生姜;大枣,
http://www.tcm-classics.org/jingfang#Chuan_instance;http://www.tcm-classics.org/jingfang#Hanchu_instance;http://www.tcm-classics.org/jingfang#Efeng_instance,http://www.tcm-classics.org/jingfang#Fumai_instance;http://www.tcm-classics.org/jingfang#Huanmai_instance,,,太阳病,,桂枝加厚朴杏子汤,桂枝;芍药;甘草;生姜;大枣;厚朴;杏仁,
http://www.tcm-classics.org/jingfang#Hanloubuzhi_instance;http://www.tcm-classics.org/jingfang#Efeng_instance;http://www.tcm-classics.org/jingfang#XiaobianNan_instance;http://www.tcm-classics.org/jingfang#SizhiWeiji_instance,http://www.tcm-classics.org/jingfang#Fumai_instance;http://www.tcm-classics.org/jingfang#Xumai_instance,,,太阳病,,桂枝加附子汤,桂枝;芍药;甘草;生姜;大枣;附子,
http://www.tcm-classics.org/jingfang#XiongMan_instance;http://www.tcm-classics.org/jingfang#Ehan_instance,http://www.tcm-classics.org/jingfang#Cumai_instance,,,太阳病,,桂枝去芍药汤,桂枝;甘草;生姜;大枣,
http://www.tcm-classics.org/jingfang#XiongMan_instance;http://www.tcm-classics.org/jingfang#Ehan_instance,,,太阳病,,桂枝去芍药加附子汤,桂枝;甘草;生姜;大枣;附子,
http://www.tcm-classics.org/jingfang#ShenTengtong_instance;http://www.tcm-classics.org/jingfang#Ehan_instance,http://www.tcm-classics.org/jingfang#Chenchimai_instance,,,太阳病,,桂枝新加汤,桂枝;芍药;甘草;生姜;大枣;人参,
http://www.tcm-classics.org/jingfang#XiangbeiQiangjiji_instance;http://www.tcm-classics.org/jingfang#Wuhan_instance;http://www.tcm-classics.org/jingfang#Efeng_instance,http://www.tcm-classics.org/jingfang#Fumai_instance;http://www.tcm-classics.org/jingfang#Jinmai_instance,,,太阳病,,葛根汤,葛根;麻黄;桂枝;芍药;甘草;生姜;大枣,
http://www.tcm-classics.org/jingfang#XiangbeiQiangjiji_instance;http://www.tcm-classics.org/jingfang#Wuhan_instance;http://www.tcm-classics.org/jingfang#Outu_instance,http://www.tcm-classics.org/jingfang#Fumai_instance;http://www.tcm-classics.org/jingfang#Jinmai_instance,,,太阳阳明合病,,葛根加半夏汤,葛根;麻黄;桂枝;芍药;甘草;生姜;大枣;半夏,
http://www.tcm-classics.org/jingfang#Fare_instance;http://www.tcm-classics.org/jingfang#Ehan_instance;http://www.tcm-classics.org/jingfang#Shentengtong_instance;http://www.tcm-classics.org/jingfang#BuHanchu_instance;http://www.tcm-classics.org/jingfang#Fanzao_instance,http://www.tcm-classics.org/jingfang#Fumai_instance;http://www.tcm-classics.org/jingfang#Jinmai_instance,,,太阳病,,大青龙汤,麻黄;桂枝;甘草;杏仁;生姜;大枣;石膏,
http://www.tcm-classics.org/jingfang#Fare_instance;http://www.tcm-classics.org/jingfang#Ehan_instance;http://www.tcm-classics.org/jingfang#Wuhan_instance;http://www.tcm-classics.org/jingfang#Kechuan_instance;http://www.tcm-classics.org/jingfang#Ganou_instance,http://www.tcm-classics.org/jingfang#Fumai_instance;http://www.tcm-classics.org/jingfang#Jinmai_instance,,,太阳病,痰饮证,小青龙汤,麻黄;芍药;细辛;干姜;甘草;桂枝;五味子;半夏,瓜蒌根;荛花;附子;茯苓;杏仁
http://www.tcm-classics.org/jingfang#Hanchu_instance;http://www.tcm-classics.org/jingfang#Chuan_instance;http://www.tcm-classics.org/jingfang#Fare_instance;http://www.tcm-classics.org/jingfang#Kouke_instance,http://www.tcm-classics.org/jingfang#Fumai_instance;http://www.tcm-classics.org/jingfang#Shumai_instance,,,太阳病,,麻杏甘石汤,麻黄;杏仁;甘草;石膏,
http://www.tcm-classics.org/jingfang#Shenhuang_instance;http://www.tcm-classics.org/jingfang#Fare_instance;http://www.tcm-classics.org/jingfang#Wuhan_instance;http://www.tcm-classics.org/jingfang#Ehan_instance,http://www.tcm-classics.org/jingfang#Fumai_instance,,,太阳病,,麻黄连翘赤小豆汤,麻黄;连翘;杏仁;赤小豆;大枣;生梓白皮;生姜;甘草,
http://www.tcm-classics.org/jingfang#FareEhan_instance;http://www.tcm-classics.org/jingfang#Ruzhuang_instance;http://www.tcm-classics.org/jingfang#YiriZaifa_instance,http://www.tcm-classics.org/jingfang#Fumai_instance,,,太阳病,,桂枝二麻黄一汤,桂枝;芍药;甘草;生姜;大枣;麻黄;杏仁,
http://www.tcm-classics.org/jingfang#FareEhan_instance;http://www.tcm-classics.org/jingfang#RemianRe_instance;http://www.tcm-classics.org/jingfang#Shenyang_instance,http://www.tcm-classics.org/jingfang#Fumai_instance,,,太阳病,,桂枝麻黄各半汤,桂枝;芍药;甘草;生姜;大枣;麻黄;杏仁,
http://www.tcm-classics.org/jingfang#Fare_instance;http://www.tcm-classics.org/jingfang#Kouke_instance;http://www.tcm-classics.org/jingfang#XiaobianBuli_instance;http://www.tcm-classics.org/jingfang#Shuiruzeitu_instance,http://www.tcm-classics.org/jingfang#Fumai_instance,,,太阳病,,五苓散,猪苓;泽泻;白术;茯苓;桂枝,
http://www.tcm-classics.org/jingfang#Hanchu_instance;http://www.tcm-classics.org/jingfang#BuKe_instance;http://www.tcm-classics.org/jingfang#XinxiaJi_instance;http://www.tcm-classics.org/jingfang#XiaobianBuli_instance,http://www.tcm-classics.org/jingfang#Fumai_instance,,,太阳病,,茯苓甘草汤,茯苓;桂枝;甘草;生姜,
http://www.tcm-classics.org/jingfang#XinzhongAonao_instance;http://www.tcm-classics.org/jingfang#FanreBudeMian_instance;http://www.tcm-classics.org/jingfang#Shaoqi_instance,http://www.tcm-classics.org/jingfang#Fumai_instance,,,阳明病,,栀子豉汤,栀子;香豉,
http://www.tcm-classics.org/jingfang#Xinfan_instance;http://www.tcm-classics.org/jingfang#Fuman_instance;http://www.tcm-classics.org/jingfang#WoqiBuan_instance,http://www.tcm-classics.org/jingfang#Fumai_instance,,,阳明病,,栀子厚朴汤,栀子;厚朴;枳实,
http://www.tcm-classics.org/jingfang#ShaofuJijie_instance;http://www.tcm-classics.org/jingfang#Rukuang_instance;http://www.tcm-classics.org/jingfang#XiaobianZili_instance,http://www.tcm-classics.org/jingfang#ChenSemai_instance,,,太阳病,,桃核承气汤,桃仁;大黄;桂枝;甘草;芒硝,
http://www.tcm-classics.org/jingfang#ShaofuYingman_instance;http://www.tcm-classics.org/jingfang#Rukuang_instance;http://www.tcm-classics.org/jingfang#XiaobianZili_instance,http://www.tcm-classics.org/jingfang#ChenJiemai_instance,,,太阳病,,抵当汤,水蛭;虻虫;桃仁;大黄,
http://www.tcm-classics.org/jingfang#XinxiaTong_instance;http://www.tcm-classics.org/jingfang#AnzhiShiying_instance,http://www.tcm-classics.org/jingfang#ChenJinmai_instance,,,太阳病,,大陷胸汤,大黄;芒硝;甘遂,
http://www.tcm-classics.org/jingfang#ZhengzaiXinxia_instance;http://www.tcm-classics.org/jingfang#AnzhiZeTong_instance,http://www.tcm-classics.org/jingfang#Fuhuamai_instance,,,太阳病,,小陷胸汤,黄连;半夏;瓜蒌实,
http://www.tcm-classics.org/jingfang#XinxiaPi_instance;http://www.tcm-classics.org/jingfang#Ou_instance;http://www.tcm-classics.org/jingfang#Changming_instance;http://www.tcm-classics.org/jingfang#Xiali_instance,http://www.tcm-classics.org/jingfang#Xianmai_instance,,,太阳病,,半夏泻心汤,半夏;黄芩;干姜;人参;甘草;黄连;大枣,
http://www.tcm-classics.org/jingfang#XinxiaPiying_instance;http://www.tcm-classics.org/jingfang#GantaiShichou_instance;http://www.tcm-classics.org/jingfang#FuzhongLeiming_instance;http://www.tcm-classics.org/jingfang#Xiali_instance,http://www.tcm-classics.org/jingfang#Xianmai_instance,,,太阳病,,生姜泻心汤,生姜;甘草;人参;干姜;黄芩;半夏;黄连;大枣,
http://www.tcm-classics.org/jingfang#XinxiaPiyingErMan_instance;http://www.tcm-classics.org/jingfang#XialiRishu_instance;http://www.tcm-classics.org/jingfang#Ganou_instance;http://www.tcm-classics.org/jingfang#XinfanBudean_instance,http://www.tcm-classics.org/jingfang#Xianmai_instance,,,太阳病,,甘草泻心汤,甘草;黄芩;干姜;半夏;大枣;黄连,
http://www.tcm-classics.org/jingfang#XinxiaPiying_instance;http://www.tcm-classics.org/jingfang#AqiBuchu_instance,http://www.tcm-classics.org/jingfang#Xianmai_instance,,,太阳病,,旋覆代赭汤,旋覆花;代赭石;人参;生姜;甘草;半夏;大枣,
http://www.tcm-classics.org/jingfang#XinxiaPiyingMan_instance;http://www.tcm-classics.org/jingfang#YinXiexiaTong_instance;http://www.tcm-classics.org/jingfang#Ganou_instance;http://www.tcm-classics.org/jingfang#Duanqi_instance,http://www.tcm-classics.org/jingfang#ChenXianmai_instance,,,太阳病,,十枣汤,芫花;甘遂;大戟;大枣,
http://www.tcm-classics.org/jingfang#Fuman_instance;http://www.tcm-classics.org/jingfang#Chaore_instance;http://www.tcm-classics.org/jingfang#Zhanwang_instance,http://www.tcm-classics.org/jingfang#Huamai_instance,,,阳明病,,小承气汤,大黄;厚朴;枳实,
http://www.tcm-classics.org/jingfang#ZhengzhengFare_instance;http://www.tcm-classics.org/jingfang#Fuzhangman_instance;http://www.tcm-classics.org/jingfang#Xinfan_instance,http://www.tcm-classics.org/jingfang#Chenshimai_instance,,,阳明病,,调胃承气汤,大黄;甘草;芒硝,
http://www.tcm-classics.org/jingfang#Dabianying_instance;http://www.tcm-classics.org/jingfang#XiaobianShu_instance,http://www.tcm-classics.org/jingfang#FuseMai_instance,,,阳明病,,麻子仁丸,麻子仁;芍药;枳实;大黄;厚朴;杏仁,
http://www.tcm-classics.org/jingfang#Fare_instance;http://www.tcm-classics.org/jingfang#Kouke_instance;http://www.tcm-classics.org/jingfang#XiaobianBuli_instance,http://www.tcm-classics.org/jingfang#Fumai_instance,,,阳明病,,猪苓汤,猪苓;茯苓;泽泻;阿胶;滑石,
http://www.tcm-classics.org/jingfang#Shenhuang_instance;http://www.tcm-classics.org/jingfang#XiaobianBuli_instance;http://www.tcm-classics.org/jingfang#Fuman_instance;http://www.tcm-classics.org/jingfang#Kouke_instance,http://www.tcm-classics.org/jingfang#Chenshimai_instance,,,阳明病,,茵陈蒿汤,茵陈蒿;栀子;大黄,
http://www.tcm-classics.org/jingfang#Shenhuang_instance;http://www.tcm-classics.org/jingfang#Fare_instance,http://www.tcm-classics.org/jingfang#Fumai_instance,,,阳明病,,栀子柏皮汤,栀子;甘草;黄柏,
http://www.tcm-classics.org/jingfang#Xiali_instance;http://www.tcm-classics.org/jingfang#Shenre_instance;http://www.tcm-classics.org/jingfang#Chuan_instance;http://www.tcm-classics.org/jingfang#Hanchu_instance,http://www.tcm-classics.org/jingfang#Cumai_instance,,,太阳阳明合病,,葛根芩连汤,葛根;黄芩;黄连;甘草,
http://www.tcm-classics.org/jingfang#FareWeiEhan_instance;http://www.tcm-classics.org/jingfang#ZhijieFenteng_instance;http://www.tcm-classics.org/jingfang#Weiou_instance;http://www.tcm-classics.org/jingfang#XinxiaZhijie_instance,http://www.tcm-classics.org/jingfang#Fuxianmai_instance,,,太阳少阳合病,,柴胡桂枝汤,柴胡;桂枝;芍药;黄芩;人参;甘草;半夏;生姜;大枣,
http://www.tcm-classics.org/jingfang#XiongxieMan_instance;http://www.tcm-classics.org/jingfang#Ou_instance;http://www.tcm-classics.org/jingfang#RipuChaore_instance;http://www.tcm-classics.org/jingfang#Weixiali_instance,http://www.tcm-classics.org/jingfang#Xianmai_instance,,,少阳病,,柴胡加芒硝汤,柴胡;黄芩;人参;半夏;甘草;生姜;大枣;芒硝,
http://www.tcm-classics.org/jingfang#Xiongman_instance;http://www.tcm-classics.org/jingfang#Fanjing_instance;http://www.tcm-classics.org/jingfang#XiaobianBuli_instance;http://www.tcm-classics.org/jingfang#Zhanwang_instance;http://www.tcm-classics.org/jingfang#Yishenjinzhong_instance,http://www.tcm-classics.org/jingfang#Xianmai_instance,,,少阳病,,柴胡加龙骨牡蛎汤,柴胡;龙骨;牡蛎;黄芩;生姜;铅丹;人参;桂枝;茯苓;半夏;大黄;大枣,
http://www.tcm-classics.org/jingfang#Sini_instance;http://www.tcm-classics.org/jingfang#Futong_instance;http://www.tcm-classics.org/jingfang#Xieli_instance,http://www.tcm-classics.org/jingfang#Xianmai_instance,,,少阴病,,四逆散,柴胡;芍药;枳实;甘草,
http://www.tcm-classics.org/jingfang#Zixiali_instance;http://www.tcm-classics.org/jingfang#Shenre_instance;http://www.tcm-classics.org/jingfang#Kouku_instance,http://www.tcm-classics.org/jingfang#Xianmai_instance,,,太阳少阳合病,,黄芩汤,黄芩;芍药;甘草;大枣,
http://www.tcm-classics.org/jingfang#XinxiaPiying_instance;http://www.tcm-classics.org/jingfang#XialiBuzhi_instance;http://www.tcm-classics.org/jingfang#FareEhan_instance,http://www.tcm-classics.org/jingfang#Fuxumai_instance,,,太阳太阴合病,,桂枝人参汤,桂枝;人参;白术;干姜;甘草,
http://www.tcm-classics.org/jingfang#Fuzhangman_instance;http://www.tcm-classics.org/jingfang#AnzhiButong_instance,http://www.tcm-classics.org/jingfang#Fumai_instance,,,太阴病,,厚朴生姜半夏甘草人参汤,厚朴;生姜;半夏;甘草;人参,
http://www.tcm-classics.org/jingfang#FuzhongJitong_instance;http://www.tcm-classics.org/jingfang#Xinji_instance;http://www.tcm-classics.org/jingfang#Fan_instance,http://www.tcm-classics.org/jingfang#XianSemai_instance,,,太阴病,,小建中汤,桂枝;芍药;甘草;生姜;大枣;饴糖,
http://www.tcm-classics.org/jingfang#XinxiongDahanTong_instance;http://www.tcm-classics.org/jingfang#OuBuNengYinshi_instance;http://www.tcm-classics.org/jingfang#FuzhongHan_instance,http://www.tcm-classics.org/jingfang#ChenXianmai_instance,,,太阴病,,大建中汤,蜀椒;干姜;人参;饴糖,
http://www.tcm-classics.org/jingfang#XialiQinggu_instance;http://www.tcm-classics.org/jingfang#ShouzuJueni_instance;http://www.tcm-classics.org/jingfang#MianChi_instance;http://www.tcm-classics.org/jingfang#ShenBuEhan_instance,http://www.tcm-classics.org/jingfang#Weiyujuemai_instance,,,少阴病,,通脉四逆汤,附子;干姜;甘草,
http://www.tcm-classics.org/jingfang#XialiQinggu_instance;http://www.tcm-classics.org/jingfang#MianChi_instance;http://www.tcm-classics.org/jingfang#Ehan_instance,http://www.tcm-classics.org/jingfang#Weimai_instance,,,少阴病,,白通汤,葱白;干姜;附子,
http://www.tcm-classics.org/jingfang#BeiEhan_instance;http://www.tcm-classics.org/jingfang#Shentong_instance;http://www.tcm-classics.org/jingfang#ShouzuHan_instance;http://www.tcm-classics.org/jingfang#Gujietong_instance,http://www.tcm-classics.org/jingfang#Chenweimai_instance,,,少阴病,,附子汤,附子;茯苓;人参;白术;芍药,
http://www.tcm-classics.org/jingfang#Shiguyuou_instance;http://www.tcm-classics.org/jingfang#Tuli_instance;http://www.tcm-classics.org/jingfang#ShouzuNileng_instance;http://www.tcm-classics.org/jingfang#FanzaoYusi_instance;http://www.tcm-classics.org/jingfang#GanouTuxianmo_instance;http://www.tcm-classics.org/jingfang#Toutong_instance,http://www.tcm-classics.org/jingfang#Chenxianmai_instance,,,少阴病,,吴茱萸汤,吴茱萸;人参;生姜;大枣,
http://www.tcm-classics.org/jingfang#XialiBiannongxue_instance;http://www.tcm-classics.org/jingfang#Futong_instance;http://www.tcm-classics.org/jingfang#XiaobianBuli_instance,http://www.tcm-classics.org/jingfang#Chenweimai_instance,,,少阴病,,桃花汤,赤石脂;干姜;粳米,
http://www.tcm-classics.org/jingfang#XinzhongFan_instance;http://www.tcm-classics.org/jingfang#BudeWo_instance,http://www.tcm-classics.org/jingfang#Xishumai_instance,,,少阴病,,黄连阿胶汤,黄连;黄芩;芍药;阿胶;鸡子黄,
http://www.tcm-classics.org/jingfang#Xiali_instance;http://www.tcm-classics.org/jingfang#Yantong_instance;http://www.tcm-classics.org/jingfang#Xiongman_instance;http://www.tcm-classics.org/jingfang#Xinfan_instance,http://www.tcm-classics.org/jingfang#Xishumai_instance,,,少阴病,,猪肤汤,猪肤;白蜜;白粉,
http://www.tcm-classics.org/jingfang#Yantong_instance,http://www.tcm-classics.org/jingfang#Fumai_instance,,,少阴病,,甘草汤,甘草,
http://www.tcm-classics.org/jingfang#Yantong_instance;http://www.tcm-classics.org/jingfang#Kesou_instance;http://www.tcm-classics.org/jingfang#Tunong_instance,http://www.tcm-classics.org/jingfang#Fumai_instance,,,少阴病,,桔梗汤,桔梗;甘草,
http://www.tcm-classics.org/jingfang#Relixiazhong_instance;http://www.tcm-classics.org/jingfang#XialiNongxue_instance;http://www.tcm-classics.org/jingfang#Kouke_instance,http://www.tcm-classics.org/jingfang#Xianshumai_instance,,,厥阴病,,白头翁汤,白头翁;黄柏;黄连;秦皮,
http://www.tcm-classics.org/jingfang#ShouzuJuehan_instance;http://www.tcm-classics.org/jingfang#MaiXiYujue_instance,http://www.tcm-classics.org/jingfang#Xiruomai_instance,,,厥阴病,,当归四逆汤,当归;桂枝;芍药;细辛;甘草;通草;大枣,
http://www.tcm-classics.org/jingfang#ShouzuJuehan_instance;http://www.tcm-classics.org/jingfang#NeiYouJiuhan_instance;http://www.tcm-classics.org/jingfang#Ou_instance;http://www.tcm-classics.org/jingfang#Futong_instance,http://www.tcm-classics.org/jingfang#Xiruomai_instance,,,厥阴病,,当归四逆加吴茱萸生姜汤,当归;桂枝;芍药;细辛;甘草;通草;大枣;吴茱萸;生姜,
http://www.tcm-classics.org/jingfang#YanhouBuli_instance;http://www.tcm-classics.org/jingfang#Tunongxue_instance;http://www.tcm-classics.org/jingfang#XieliBuzhi_instance;http://www.tcm-classics.org/jingfang#ShouzuJueni_instance,http://www.tcm-classics.org/jingfang#Chenchimai_instance,,,厥阴病,,麻黄升麻汤,麻黄;升麻;当归;知母;黄芩;葳蕤;芍药;天门冬;桂枝;茯苓;甘草;石膏;白术;干姜,
http://www.tcm-classics.org/jingfang#ShiRuKoujiTu_instance;http://www.tcm-classics.org/jingfang#Xiali_instance,http://www.tcm-classics.org/jingfang#Chenweimai_instance,,,厥阴病,,干姜黄芩黄连人参汤,干姜;黄芩;黄连;人参,
http://www.tcm-classics.org/jingfang#Shentiqiangjiji_instance;http://www.tcm-classics.org/jingfang#Fare_instance;http://www.tcm-classics.org/jingfang#Hanchu_instance;http://www.tcm-classics.org/jingfang#Efeng_instance,http://www.tcm-classics.org/jingfang#Chenchimai_instance,,,痉病,,栝蒌桂枝汤,瓜蒌根;桂枝;芍药;甘草;生姜;大枣,
http://www.tcm-classics.org/jingfang#Shenfanteng_instance;http://www.tcm-classics.org/jingfang#Ehan_instance;http://www.tcm-classics.org/jingfang#Wuhan_instance,http://www.tcm-classics.org/jingfang#Fumai_instance;http://www.tcm-classics.org/jingfang#Jinmai_instance,,,湿病,,麻黄加术汤,麻黄;桂枝;杏仁;甘草;白术,
http://www.tcm-classics.org/jingfang#YishenJinteng_instance;http://www.tcm-classics.org/jingfang#Fare_instance;http://www.tcm-classics.org/jingfang#RipuSuoju_instance,http://www.tcm-classics.org/jingfang#Fumai_instance,,,湿病,,麻杏薏甘汤,麻黄;杏仁;薏苡仁;甘草,
http://www.tcm-classics.org/jingfang#Shenzhong_instance;http://www.tcm-classics.org/jingfang#Hanchu_instance;http://www.tcm-classics.org/jingfang#Efeng_instance,http://www.tcm-classics.org/jingfang#Fumai_instance,,,湿病,,防己黄芪汤,防己;黄芪;白术;甘草;生姜;大枣,
http://www.tcm-classics.org/jingfang#ShentiTengfan_instance;http://www.tcm-classics.org/jingfang#BunengZizhuanche_instance,http://www.tcm-classics.org/jingfang#FuxuseMai_instance,,,湿病,,桂枝附子汤,桂枝;附子;生姜;大枣;甘草,
http://www.tcm-classics.org/jingfang#ShentiTengfan_instance;http://www.tcm-classics.org/jingfang#Dabianjian_instance;http://www.tcm-classics.org/jingfang#XiaobianZili_instance,http://www.tcm-classics.org/jingfang#FuxuseMai_instance,,,湿病,,白术附子汤,白术;附子;生姜;大枣;甘草,
http://www.tcm-classics.org/jingfang#GujieTengfan_instance;http://www.tcm-classics.org/jingfang#CheTongBudeQushen_instance;http://www.tcm-classics.org/jingfang#Hanchu_instance;http://www.tcm-classics.org/jingfang#Duanqi_instance;http://www.tcm-classics.org/jingfang#XiaobianBuli_instance;http://www.tcm-classics.org/jingfang#Efeng_instance,http://www.tcm-classics.org/jingfang#Fumai_instance,,,湿病,,甘草附子汤,甘草;附子;白术;桂枝,
http://www.tcm-classics.org/jingfang#Kouku_instance;http://www.tcm-classics.org/jingfang#XiaobianChi_instance,http://www.tcm-classics.org/jingfang#Weishumai_instance,,,百合病,,百合地黄汤,百合;生地黄,
http://www.tcm-classics.org/jingfang#ZhuangruShanghan_instance;http://www.tcm-classics.org/jingfang#MomoYumian_instance;http://www.tcm-classics.org/jingfang#MuBudeBi_instance;http://www.tcm-classics.org/jingfang#WoqiBuan_instance;http://www.tcm-classics.org/jingfang#BuYuYinshi_instance;http://www.tcm-classics.org/jingfang#EwenShichou_instance;http://www.tcm-classics.org/jingfang#MianmuZhachiZhazaiZhabai_instance,http://www.tcm-classics.org/jingfang#Xianmai_instance,,,狐惑病,,甘草泻心汤,甘草;黄芩;干姜;半夏;大枣;黄连,
http://www.tcm-classics.org/jingfang#MianchiBanzhang_instance;http://www.tcm-classics.org/jingfang#YanhouTong_instance;http://www.tcm-classics.org/jingfang#Tunongxue_instance,http://www.tcm-classics.org/jingfang#Fumai_instance,,,阴阳毒,,升麻鳖甲汤,升麻;鳖甲;当归;蜀椒;甘草;雄黄,
http://www.tcm-classics.org/jingfang#NueMu_instance;http://www.tcm-classics.org/jingfang#XiexiaZhengjia_instance,http://www.tcm-classics.org/jingfang#Xianmai_instance,,,疟病,,鳖甲煎丸,鳖甲;乌扇;黄芩;柴胡;鼠妇;干姜;大黄;芍药;桂枝;葶苈;石韦;厚朴;牡丹;瞿麦;紫葳;半夏;人参;蟅虫;阿胶;蜂窠;赤硝;蜣螂;桃仁,
http://www.tcm-classics.org/jingfang#ZhuzhijieTengtong_instance;http://www.tcm-classics.org/jingfang#ShentiWanglei_instance;http://www.tcm-classics.org/jingfang#JiaozhongRutuo_instance;http://www.tcm-classics.org/jingfang#Touxuan_instance;http://www.tcm-classics.org/jingfang#Duanqi_instance;http://www.tcm-classics.org/jingfang#WenwenYutu_instance,http://www.tcm-classics.org/jingfang#Chenxianmai_instance,,,历节病,,桂枝芍药知母汤,桂枝;芍药;知母;麻黄;生姜;白术;甘草;防风;附子,
http://www.tcm-classics.org/jingfang#GuanjieTengtong_instance;http://www.tcm-classics.org/jingfang#BukeQushen_instance,http://www.tcm-classics.org/jingfang#Chenjinmai_instance,,,历节病,,乌头汤,川乌;麻黄;芍药;黄芪;甘草;蜜,
http://www.tcm-classics.org/jingfang#ShentiBuren_instance;http://www.tcm-classics.org/jingfang#RufengBizhuang_instance,http://www.tcm-classics.org/jingfang#WeiseMai_instance,,,血痹病,,黄芪桂枝五物汤,黄芪;桂枝;芍药;生姜;大枣,
http://www.tcm-classics.org/jingfang#ShiJingJia_instance;http://www.tcm-classics.org/jingfang#ShaofuXianji_instance;http://www.tcm-classics.org/jingfang#YintouHan_instance;http://www.tcm-classics.org/jingfang#Muxuan_instance;http://www.tcm-classics.org/jingfang#Faluo_instance,http://www.tcm-classics.org/jingfang#JixuKouchiMai_instance,,,虚劳病,,桂枝加龙骨牡蛎汤,桂枝;芍药;甘草;生姜;大枣;龙骨;牡蛎,
http://www.tcm-classics.org/jingfang#XulaoYaoTong_instance;http://www.tcm-classics.org/jingfang#ShaofuJuji_instance;http://www.tcm-classics.org/jingfang#XiaobianBuli_instance,http://www.tcm-classics.org/jingfang#Chenruomai_instance,,,虚劳病,,肾气丸,干地黄;山药;山茱萸;泽泻;茯苓;牡丹皮;桂枝;附子,
http://www.tcm-classics.org/jingfang#XulaoXufanBudeMian_instance,http://www.tcm-classics.org/jingfang#Xianximai_instance,,,虚劳病,,酸枣仁汤,酸枣仁;甘草;知母;茯苓;川芎,
http://www.tcm-classics.org/jingfang#WulaoXuji_instance;http://www.tcm-classics.org/jingfang#FumanBunengYinshi_instance;http://www.tcm-classics.org/jingfang#JifuJiacuo_instance;http://www.tcm-classics.org/jingfang#LiangmuAnhei_instance,http://www.tcm-classics.org/jingfang#ChenSemai_instance,,,虚劳病,,大黄蛰虫丸,大黄;黄芩;甘草;桃仁;杏仁;芍药;干地黄;干漆;虻虫;水蛭;蛴螬;蟅虫,
http://www.tcm-classics.org/jingfang#FeiweiTuxianmo_instance;http://www.tcm-classics.org/jingfang#Yiniao_instance;http://www.tcm-classics.org/jingfang#XiaobianShu_instance;http://www.tcm-classics.org/jingfang#BuKe_instance,http://www.tcm-classics.org/jingfang#Xumai_instance,,,肺痿病,,甘草干姜汤,甘草;干姜,
http://www.tcm-classics.org/jingfang#KesangErQi_instance;http://www.tcm-classics.org/jingfang#HouzhongShuijisheng_instance,http://www.tcm-classics.org/jingfang#Fumai_instance,,,咳嗽上气病,,射干麻黄汤,射干;麻黄;生姜;细辛;紫菀;款冬花;五味子;大枣;半夏,
http://www.tcm-classics.org/jingfang#HuoniShangqi_instance;http://www.tcm-classics.org/jingfang#YanhouBuli_instance,http://www.tcm-classics.org/jingfang#Xumai_instance,,,咳嗽上气病,,麦门冬汤,麦门冬;半夏;人参;甘草;粳米;大枣,
http://www.tcm-classics.org/jingfang#Feiyong_instance;http://www.tcm-classics.org/jingfang#ChuanBudeWo_instance;http://www.tcm-classics.org/jingfang#XiongmanZhang_instance,http://www.tcm-classics.org/jingfang#Xumai_instance,,,肺痈病,,葶苈大枣泻肺汤,葶苈;大枣,
http://www.tcm-classics.org/jingfang#Xiongbi_instance;http://www.tcm-classics.org/jingfang#Chuanxi_instance;http://www.tcm-classics.org/jingfang#Kesuo_instance;http://www.tcm-classics.org/jingfang#Xiongbeitong_instance;http://www.tcm-classics.org/jingfang#Duanqi_instance,http://www.tcm-classics.org/jingfang#Chenchimai_instance,,,胸痹病,,栝蒌薤白白酒汤,瓜蒌实;薤白;白酒,
http://www.tcm-classics.org/jingfang#XiongbiBudeWo_instance;http://www.tcm-classics.org/jingfang#XintongChebei_instance,http://www.tcm-classics.org/jingfang#Chenjinmai_instance,,,胸痹病,,栝蒌薤白半夏汤,瓜蒌实;薤白;半夏;白酒,
http://www.tcm-classics.org/jingfang#XiongbiXinzhongPi_instance;http://www.tcm-classics.org/jingfang#Xiongman_instance;http://www.tcm-classics.org/jingfang#XiexiaNiqiangxin_instance,http://www.tcm-classics.org/jingfang#Chenjinmai_instance,,,胸痹病,,枳实薤白桂枝汤,枳实;厚朴;薤白;桂枝;瓜蒌实,
http://www.tcm-classics.org/jingfang#XiongzhongQisai_instance;http://www.tcm-classics.org/jingfang#Duanqi_instance,http://www.tcm-classics.org/jingfang#Chenximai_instance,,,胸痹病,,茯苓杏仁甘草汤,茯苓;杏仁;甘草,
http://www.tcm-classics.org/jingfang#XiongzhongQisai_instance;http://www.tcm-classics.org/jingfang#Duanqi_instance,http://www.tcm-classics.org/jingfang#Chenximai_instance,,,胸痹病,,橘枳姜汤,橘皮;枳实;生姜,
http://www.tcm-classics.org/jingfang#Fuman_instance;http://www.tcm-classics.org/jingfang#Fare_instance;http://www.tcm-classics.org/jingfang#YinshiRugu_instance,http://www.tcm-classics.org/jingfang#Fushumai_instance,,,腹满病,,厚朴七物汤,厚朴;甘草;大黄;大枣;枳实;桂枝;生姜,
http://www.tcm-classics.org/jingfang#XiexiaPiantong_instance;http://www.tcm-classics.org/jingfang#Fare_instance,http://www.tcm-classics.org/jingfang#Jinxianmai_instance,,,寒疝病,,大黄附子汤,大黄;附子;细辛,
http://www.tcm-classics.org/jingfang#HanShanFutong_instance;http://www.tcm-classics.org/jingfang#XietongLiji_instance,http://www.tcm-classics.org/jingfang#Xianjimai_instance,,,寒疝病,,当归生姜羊肉汤,当归;生姜;羊肉,
http://www.tcm-classics.org/jingfang#Ganzhe_instance;http://www.tcm-classics.org/jingfang#ChangyuDaQiXiongShang_instance;http://www.tcm-classics.org/jingfang#DanYuYinRe_instance,http://www.tcm-classics.org/jingfang#Xianmai_instance,,,肝着病,,旋覆花汤,旋覆花;葱;新绛,
http://www.tcm-classics.org/jingfang#XinxiaNiman_instance;http://www.tcm-classics.org/jingfang#QishangChongxiong_instance;http://www.tcm-classics.org/jingfang#QiZeTouxuan_instance,http://www.tcm-classics.org/jingfang#Chenjinmai_instance,,,痰饮病,,苓桂术甘汤,茯苓;桂枝;白术;甘草,
http://www.tcm-classics.org/jingfang#XinxiaYouZhiyin_instance;http://www.tcm-classics.org/jingfang#Kumaoxuan_instance,http://www.tcm-classics.org/jingfang#Chenxianmai_instance,,,痰饮病,,泽泻汤,泽泻;白术,
http://www.tcm-classics.org/jingfang#OujiaBenKe_instance;http://www.tcm-classics.org/jingfang#FanBuKe_instance;http://www.tcm-classics.org/jingfang#XinxiaYouZhiyin_instance,http://www.tcm-classics.org/jingfang#Xianmai_instance,,,痰饮病,,小半夏汤,半夏;生姜,
http://www.tcm-classics.org/jingfang#Fuman_instance;http://www.tcm-classics.org/jingfang#KousheGanzao_instance;http://www.tcm-classics.org/jingfang#ChangjianYouShuiqi_instance,http://www.tcm-classics.org/jingfang#Chenxianmai_instance,,,痰饮病,,己椒苈黄丸,防己;椒目;葶苈;大黄,
http://www.tcm-classics.org/jingfang#FengshuiEfeng_instance;http://www.tcm-classics.org/jingfang#YishenXizhong_instance;http://www.tcm-classics.org/jingfang#XuZihanchu_instance;http://www.tcm-classics.org/jingfang#BuKe_instance,http://www.tcm-classics.org/jingfang#Fumai_instance,,,水气病,,越婢汤,麻黄;石膏;生姜;甘草;大枣,
http://www.tcm-classics.org/jingfang#Pishui_instance;http://www.tcm-classics.org/jingfang#SizhiZhong_instance;http://www.tcm-classics.org/jingfang#SizhiNienieDong_instance,http://www.tcm-classics.org/jingfang#Fumai_instance,,,水气病,,防己茯苓汤,防己;黄芪;桂枝;茯苓;甘草,
http://www.tcm-classics.org/jingfang#Huangdan_instance;http://www.tcm-classics.org/jingfang#XiaobianBuli_instance,http://www.tcm-classics.org/jingfang#Fumai_instance,,,黄疸病,,茵陈五苓散,茵陈蒿;猪苓;泽泻;白术;茯苓;桂枝,
http://www.tcm-classics.org/jingfang#Tuxue_instance;http://www.tcm-classics.org/jingfang#Nuxue_instance;http://www.tcm-classics.org/jingfang#XinqiBuzu_instance,http://www.tcm-classics.org/jingfang#Hongmai_instance,,,吐衄下血病,,泻心汤,大黄;黄连;黄芩,
http://www.tcm-classics.org/jingfang#Xiaxue_instance;http://www.tcm-classics.org/jingfang#XianbianHoubianxue_instance;http://www.tcm-classics.org/jingfang#MianseWeihuang_instance,http://www.tcm-classics.org/jingfang#Ximai_instance,,,下血病,,黄土汤,甘草;干地黄;白术;附子;阿胶;黄芩;灶心黄土,
http://www.tcm-classics.org/jingfang#TuxueBuzhi_instance,http://www.tcm-classics.org/jingfang#Xumai_instance,,,吐衄下血病,,柏叶汤,柏叶;干姜;艾叶,
http://www.tcm-classics.org/jingfang#Yueni_instance,http://www.tcm-classics.org/jingfang#Xumai_instance,,,呕吐哕下利病,,橘皮竹茹汤,橘皮;竹茹;大枣;生姜;甘草;人参,
http://www.tcm-classics.org/jingfang#QiCongShaofuShangChongXin_instance;http://www.tcm-classics.org/jingfang#FazuoYusi_instance;http://www.tcm-classics.org/jingfang#FuhaiZhi_instance,http://www.tcm-classics.org/jingfang#Chenchimai_instance,,,奔豚病,,桂枝加桂汤,桂枝;芍药;甘草;生姜;大枣,
http://www.tcm-classics.org/jingfang#Fuman_instance;http://www.tcm-classics.org/jingfang#Shitong_instance,http://www.tcm-classics.org/jingfang#Fuhuamai_instance,,,太阴病,,桂枝加芍药汤,桂枝;芍药;甘草;生姜;大枣,大黄
http://www.tcm-classics.org/jingfang#QixiaJi_instance;http://www.tcm-classics.org/jingfang#YuzuoBentun_instance,http://www.tcm-classics.org/jingfang#Chenmai_instance,,,太阳病,,茯苓桂枝甘草大枣汤,茯苓;桂枝;甘草;大枣,
http://www.tcm-classics.org/jingfang#XinxiaNiman_instance;http://www.tcm-classics.org/jingfang#QiShangChongxiong_instance;http://www.tcm-classics.org/jingfang#QiZeTouxuan_instance,http://www.tcm-classics.org/jingfang#Chenjinmai_instance,,,太阳病,,茯苓桂枝白术甘草汤,茯苓;桂枝;白术;甘草,
http://www.tcm-classics.org/jingfang#Xinji_instance,http://www.tcm-classics.org/jingfang#Jiedaimai_instance,,,太阴病,,炙甘草汤,甘草;生姜;人参;生地黄;桂枝;阿胶;麦门冬;麻仁;大枣,
http://www.tcm-classics.org/jingfang#DaRe_instance;http://www.tcm-classics.org/jingfang#DaKe_instance;http://www.tcm-classics.org/jingfang#DaHan_instance,http://www.tcm-classics.org/jingfang#Hongdamai_instance,http://www.tcm-classics.org/jingfang#SheGanZao_instance,,,阳明病,,白虎加人参汤,石膏;知母;甘草;粳米;人参,
http://www.tcm-classics.org/jingfang#XinzhongAonao_instance;http://www.tcm-classics.org/jingfang#Shaoqi_instance,http://www.tcm-classics.org/jingfang#Fumai_instance,,,阳明病,,栀子甘草豉汤,栀子;香豉;甘草,
http://www.tcm-classics.org/jingfang#XinzhongAonao_instance;http://www.tcm-classics.org/jingfang#Ou_instance,http://www.tcm-classics.org/jingfang#Fumai_instance,,,阳明病,,栀子生姜豉汤,栀子;香豉;生姜,
http://www.tcm-classics.org/jingfang#ShenreBuqu_instance;http://www.tcm-classics.org/jingfang#Weifan_instance,http://www.tcm-classics.org/jingfang#Fushumai_instance,,,太阳病,,栀子干姜汤,栀子;干姜,
http://www.tcm-classics.org/jingfang#DabingChaihou_instance;http://www.tcm-classics.org/jingfang#Laofu_instance,http://www.tcm-classics.org/jingfang#Fumai_instance,,,差后劳复,,枳实栀子豉汤,枳实;栀子;香豉,
http://www.tcm-classics.org/jingfang#YaoYixiaShuiqi_instance;http://www.tcm-classics.org/jingfang#XiaobianBuli_instance,http://www.tcm-classics.org/jingfang#Chenmai_instance,,,差后病,,牡蛎泽泻散,牡蛎;泽泻;蜀漆;葶苈子;商陆根;海藻;瓜蒌根,
http://www.tcm-classics.org/jingfang#XuleiShaoqi_instance;http://www.tcm-classics.org/jingfang#QiniYutu_instance,http://www.tcm-classics.org/jingfang#Xushumai_instance,http://www.tcm-classics.org/jingfang#SheHongShaotai_instance,,差后病,,竹叶石膏汤,竹叶;石膏;半夏;麦门冬;人参;甘草;粳米,
http://www.tcm-classics.org/jingfang#XinxiaPiying_instance;http://www.tcm-classics.org/jingfang#XialiBuzhi_instance;http://www.tcm-classics.org/jingfang#FanzhiBuyu_instance,http://www.tcm-classics.org/jingfang#Chenximai_instance,,,太阳病,,赤石脂禹余粮汤,赤石脂;禹余粮,
http://www.tcm-classics.org/jingfang#XiongzhongPiying_instance;http://www.tcm-classics.org/jingfang#QishangChonghouyan_instance;http://www.tcm-classics.org/jingfang#Budexi_instance,http://www.tcm-classics.org/jingfang#Weifumai_instance,,,太阳病,,瓜蒂散,瓜蒂;赤小豆,
http://www.tcm-classics.org/jingfang#Jiexiong_instance;http://www.tcm-classics.org/jingfang#Xiangqiang_instance;http://www.tcm-classics.org/jingfang#Ruroujingzhuang_instance,http://www.tcm-classics.org/jingfang#Chenjinmai_instance,,,太阳病,,大陷胸丸,大黄;葶苈子;芒硝;杏仁;甘遂;白蜜,
http://www.tcm-classics.org/jingfang#HanshiJiexiong_instance;http://www.tcm-classics.org/jingfang#WureZheng_instance,http://www.tcm-classics.org/jingfang#Chenjinmai_instance,,,太阳病,,三物白散,桔梗;巴豆;贝母,
http://www.tcm-classics.org/jingfang#XiongzhongYoure_instance;http://www.tcm-classics.org/jingfang#WeizhongYouXieqi_instance;http://www.tcm-classics.org/jingfang#Futong_instance;http://www.tcm-classics.org/jingfang#YuOu_instance,http://www.tcm-classics.org/jingfang#Xianmai_instance,,,厥阴病,,黄连汤,黄连;甘草;干姜;桂枝;人参;半夏;大枣,
http://www.tcm-classics.org/jingfang#Zixiali_instance;http://www.tcm-classics.org/jingfang#Ou_instance,http://www.tcm-classics.org/jingfang#Xianmai_instance,,,太阳少阳合病,,黄芩加半夏生姜汤,黄芩;芍药;甘草;大枣;半夏;生姜,
http://www.tcm-classics.org/jingfang#Xulao_instance;http://www.tcm-classics.org/jingfang#FengqiBaiji_instance,http://www.tcm-classics.org/jingfang#Xuruomai_instance,,,虚劳病,,薯蓣丸,薯蓣;当归;桂枝;曲;干地黄;豆黄卷;甘草;人参;川芎;芍药;白术;麦门冬;杏仁;柴胡;桔梗;茯苓;阿胶;干姜;白蔹;防风;大枣,
http://www.tcm-classics.org/jingfang#Dafeng_instance;http://www.tcm-classics.org/jingfang#SizhiFanzhong_instance;http://www.tcm-classics.org/jingfang#XinzhongEhanBuzu_instance,http://www.tcm-classics.org/jingfang#Fumai_instance,,,中风病,,侯氏黑散,菊花;白术;细辛;茯苓;牡蛎;桔梗;防风;人参;矾石;黄芩;当归;干姜;川芎;桂枝,
http://www.tcm-classics.org/jingfang#ChureTanxian_instance,http://www.tcm-classics.org/jingfang#Shumai_instance,,,中风病,,风引汤,大黄;干姜;龙骨;桂枝;甘草;牡蛎;寒水石;滑石;赤石脂;白石脂;紫石英;石膏,
http://www.tcm-classics.org/jingfang#Rukuangzhuang_instance;http://www.tcm-classics.org/jingfang#Wangxing_instance;http://www.tcm-classics.org/jingfang#DuyuBuxiu_instance;http://www.tcm-classics.org/jingfang#Wuhanre_instance,http://www.tcm-classics.org/jingfang#Fumai_instance,,,中风病,,防己地黄汤,防己;桂枝;防风;甘草;生地黄,
http://www.tcm-classics.org/jingfang#BentunQishangChongxiong_instance;http://www.tcm-classics.org/jingfang#Futong_instance;http://www.tcm-classics.org/jingfang#WanglaiHanre_instance,http://www.tcm-classics.org/jingfang#Xianmai_instance,,,奔豚病,,奔豚汤,甘草;川芎;当归;半夏;黄芩;葛根;芍药;生姜;甘李根白皮,
http://www.tcm-classics.org/jingfang#Xiongbi_instance;http://www.tcm-classics.org/jingfang#XinzhongPiqi_instance;http://www.tcm-classics.org/jingfang#Xiongman_instance;http://www.tcm-classics.org/jingfang#XiexiaNiqiangxin_instance,http://www.tcm-classics.org/jingfang#Chenximai_instance,,,胸痹病,,人参汤,人参;甘草;干姜;白术,
http://www.tcm-classics.org/jingfang#XiongbiHuanji_instance,http://www.tcm-classics.org/jingfang#Chenchimai_instance,,,胸痹病,,薏苡附子散,薏苡仁;附子,
http://www.tcm-classics.org/jingfang#XinzhongPi_instance;http://www.tcm-classics.org/jingfang#Zhuni_instance;http://www.tcm-classics.org/jingfang#Xinxuantong_instance,http://www.tcm-classics.org/jingfang#Chenxianmai_instance,,,胸痹病,,桂枝生姜枳实汤,桂枝;生姜;枳实,
http://www.tcm-classics.org/jingfang#XintongChebei_instance;http://www.tcm-classics.org/jingfang#BeitongChexin_instance,http://www.tcm-classics.org/jingfang#Chenjinmai_instance,,,胸痹病,,乌头赤石脂丸,蜀椒;乌头;附子;干姜;赤石脂,
http://www.tcm-classics.org/jingfang#TongErBi_instance,http://www.tcm-classics.org/jingfang#Chenshimai_instance,,,腹满病,,厚朴三物汤,厚朴;大黄;枳实,
http://www.tcm-classics.org/jingfang#HanqiJueni_instance,http://www.tcm-classics.org/jingfang#Chenximai_instance,,,寒疝病,,赤丸,茯苓;半夏;乌头;细辛;朱砂,
http://www.tcm-classics.org/jingfang#HanShanRaogiTong_instance;http://www.tcm-classics.org/jingfang#RuofaZeBaihanchu_instance;http://www.tcm-classics.org/jingfang#ShouzuJueleng_instance,http://www.tcm-classics.org/jingfang#Chenjinmai_instance,,,寒疝病,,大乌头煎,乌头;蜜,
http://www.tcm-classics.org/jingfang#HanShanFutong_instance;http://www.tcm-classics.org/jingfang#Nishen_instance;http://www.tcm-classics.org/jingfang#ShouzuBuren_instance;http://www.tcm-classics.org/jingfang#Shentengtong_instance,http://www.tcm-classics.org/jingfang#Chenjinmai_instance,,,寒疝病,,乌头桂枝汤,乌头;桂枝;芍药;甘草;生姜;大枣,
http://www.tcm-classics.org/jingfang#Shenzhuo_instance;http://www.tcm-classics.org/jingfang#YaozhongLeng_instance;http://www.tcm-classics.org/jingfang#RuzuoShuizhong_instance;http://www.tcm-classics.org/jingfang#FuzhongRuDaiWuqianqian_instance,http://www.tcm-classics.org/jingfang#Chenmai_instance,,,肾着病,,甘草干姜茯苓白术汤,甘草;干姜;茯苓;白术,
http://www.tcm-classics.org/jingfang#GexianZhiyin_instance;http://www.tcm-classics.org/jingfang#Chuanman_instance;http://www.tcm-classics.org/jingfang#XinxiaPijian_instance;http://www.tcm-classics.org/jingfang#MianseLihei_instance,http://www.tcm-classics.org/jingfang#Chenjinmai_instance,,,痰饮病,,木防己汤,木防己;石膏;桂枝;人参,
http://www.tcm-classics.org/jingfang#GexianZhiyin_instance;http://www.tcm-classics.org/jingfang#XinxiaPijian_instance,http://www.tcm-classics.org/jingfang#Chenjinmai_instance,,,痰饮病,,木防己去石膏加茯苓芒硝汤,木防己;桂枝;人参;茯苓;芒硝,
http://www.tcm-classics.org/jingfang#ZhiyinXiongman_instance,http://www.tcm-classics.org/jingfang#Chenshimai_instance,,,痰饮病,,厚朴大黄汤,厚朴;大黄;枳实,
http://www.tcm-classics.org/jingfang#ZuOutu_instance;http://www.tcm-classics.org/jingfang#XinxiaPi_instance;http://www.tcm-classics.org/jingfang#GexianYoushui_instance;http://www.tcm-classics.org/jingfang#Xuanji_instance,http://www.tcm-classics.org/jingfang#Xianmai_instance,,,痰饮病,,小半夏加茯苓汤,半夏;生姜;茯苓,
http://www.tcm-classics.org/jingfang#DuotuoKouzao_instance;http://www.tcm-classics.org/jingfang#ShouzuJueni_instance;http://www.tcm-classics.org/jingfang#QiCongXiaofuShangChongxiongyan_instance;http://www.tcm-classics.org/jingfang#XiaobianNan_instance;http://www.tcm-classics.org/jingfang#ShiFuMao_instance,http://www.tcm-classics.org/jingfang#Chenmai_instance,,,痰饮病,,桂苓五味甘草汤,茯苓;桂枝;甘草;五味子,
http://www.tcm-classics.org/jingfang#KeMan_instance,http://www.tcm-classics.org/jingfang#Chenmai_instance,,,痰饮病,,苓甘五味姜辛汤,茯苓;甘草;五味子;干姜;细辛,
http://www.tcm-classics.org/jingfang#KeMan_instance;http://www.tcm-classics.org/jingfang#Ou_instance;http://www.tcm-classics.org/jingfang#Mao_instance,http://www.tcm-classics.org/jingfang#Chenmai_instance,,,痰饮病,,苓甘五味姜辛夏汤,茯苓;甘草;五味子;干姜;细辛;半夏,
http://www.tcm-classics.org/jingfang#Xingzhong_instance,http://www.tcm-classics.org/jingfang#Chenmai_instance,,,痰饮病,,苓甘五味加姜辛半夏杏仁汤,茯苓;甘草;五味子;干姜;细辛;半夏;杏仁,
http://www.tcm-classics.org/jingfang#MianReRuZui_instance,http://www.tcm-classics.org/jingfang#Chenmai_instance,,,痰饮病,,苓甘五味加姜辛半杏大黄汤,茯苓;甘草;五味子;干姜;细辛;半夏;杏仁;大黄,
http://www.tcm-classics.org/jingfang#KeYuYinshuiBuzhi_instance,http://www.tcm-classics.org/jingfang#WeiseMai_instance,,,消渴病,,文蛤散,文蛤,
http://www.tcm-classics.org/jingfang#XiaobianBuli_instance,http://www.tcm-classics.org/jingfang#Chenmai_instance,,,淋病,,蒲灰散,蒲灰;滑石,
http://www.tcm-classics.org/jingfang#XiaobianBuli_instance,http://www.tcm-classics.org/jingfang#Chenmai_instance,,,淋病,,滑石白鱼散,滑石;乱发;白鱼,
http://www.tcm-classics.org/jingfang#XiaobianBuli_instance,http://www.tcm-classics.org/jingfang#Chenmai_instance,,,淋病,,茯苓戎盐汤,茯苓;白术;戎盐,
http://www.tcm-classics.org/jingfang#Lishui_instance;http://www.tcm-classics.org/jingfang#YishenMianmuHuangzhong_instance;http://www.tcm-classics.org/jingfang#XiaobianBuli_instance,http://www.tcm-classics.org/jingfang#Chenmai_instance,,,水气病,,越婢加术汤,麻黄;石膏;生姜;甘草;大枣;白术,
http://www.tcm-classics.org/jingfang#Lishui_instance,http://www.tcm-classics.org/jingfang#Chenmai_instance,,,水气病,,甘草麻黄汤,甘草;麻黄,
http://www.tcm-classics.org/jingfang#ShuizhiWeibing_instance;http://www.tcm-classics.org/jingfang#MaiChenxiao_instance,http://www.tcm-classics.org/jingfang#Chenximai_instance,,,水气病,,麻黄附子汤,麻黄;附子;甘草,
http://www.tcm-classics.org/jingfang#ShuizhiWeibing_instance;http://www.tcm-classics.org/jingfang#MaiFu_instance,http://www.tcm-classics.org/jingfang#Fumai_instance,,,水气病,,杏子汤,杏仁;麻黄;甘草,
http://www.tcm-classics.org/jingfang#Huanghan_instance;http://www.tcm-classics.org/jingfang#ShentiZhong_instance;http://www.tcm-classics.org/jingfang#FareHanchuErKe_instance;http://www.tcm-classics.org/jingfang#HanzhanYi_instance;http://www.tcm-classics.org/jingfang#SeZhengHuangRuBaizhi_instance,http://www.tcm-classics.org/jingfang#Chenmai_instance,,,水气病,,黄芪芍药桂枝苦酒汤,黄芪;芍药;桂枝;苦酒,
http://www.tcm-classics.org/jingfang#Huanghan_instance;http://www.tcm-classics.org/jingfang#LiangjingZileng_instance;http://www.tcm-classics.org/jingfang#ShiYiHanchu_instance;http://www.tcm-classics.org/jingfang#MuchangDaohanchu_instance,http://www.tcm-classics.org/jingfang#Chenmai_instance,,,水气病,,桂枝加黄芪汤,桂枝;芍药;黄芪;甘草;生姜;大枣,
http://www.tcm-classics.org/jingfang#Qifen_instance;http://www.tcm-classics.org/jingfang#XinxiaJian_instance;http://www.tcm-classics.org/jingfang#DaRuPan_instance;http://www.tcm-classics.org/jingfang#BianRuXuanbei_instance,http://www.tcm-classics.org/jingfang#Chenximai_instance,,,水气病,,桂甘姜枣麻辛附子汤,桂枝;甘草;生姜;大枣;麻黄;细辛;附子,
http://www.tcm-classics.org/jingfang#XinxiaJian_instance;http://www.tcm-classics.org/jingfang#DaRuPan_instance;http://www.tcm-classics.org/jingfang#BianRuXuanpan_instance,http://www.tcm-classics.org/jingfang#Chenximai_instance,,,水气病,,枳术汤,枳实;白术,
http://www.tcm-classics.org/jingfang#Jiuhuangdan_instance;http://www.tcm-classics.org/jingfang#XinzhongAonao_instance;http://www.tcm-classics.org/jingfang#Retong_instance,http://www.tcm-classics.org/jingfang#Xianshumai_instance,,,黄疸病,,栀子大黄汤,栀子;大黄;枳实;豉,
http://www.tcm-classics.org/jingfang#NvlaoDan_instance;http://www.tcm-classics.org/jingfang#PangguangJi_instance;http://www.tcm-classics.org/jingfang#ShaofuMan_instance;http://www.tcm-classics.org/jingfang#ShenJinHuang_instance;http://www.tcm-classics.org/jingfang#EshangHei_instance;http://www.tcm-classics.org/jingfang#ZuxiaRe_instance,http://www.tcm-classics.org/jingfang#Chenximai_instance,,,黄疸病,,硝石矾石散,硝石;矾石,
http://www.tcm-classics.org/jingfang#Zhuhuang_instance,http://www.tcm-classics.org/jingfang#Fumai_instance,,,黄疸病,,猪膏发煎,猪膏;乱发,
http://www.tcm-classics.org/jingfang#HuangdanFuman_instance;http://www.tcm-classics.org/jingfang#XiaobianBuliErChi_instance;http://www.tcm-classics.org/jingfang#Zihanchu_instance,http://www.tcm-classics.org/jingfang#Chenshimai_instance,,,黄疸病,,大黄硝石汤,大黄;黄柏;硝石;栀子,
http://www.tcm-classics.org/jingfang#ShanghanMaiFu_instance;http://www.tcm-classics.org/jingfang#YiHuoPoJieZhi_instance;http://www.tcm-classics.org/jingfang#Jingkuang_instance;http://www.tcm-classics.org/jingfang#WoqiBuan_instance,http://www.tcm-classics.org/jingfang#Fumai_instance,,,太阳病,,桂枝去芍药加蜀漆牡蛎龙骨救逆汤,桂枝;甘草;生姜;大枣;牡蛎;蜀漆;龙骨,
http://www.tcm-classics.org/jingfang#XinxiaJi_instance,http://www.tcm-classics.org/jingfang#Xianmai_instance,,,惊悸病,,半夏麻黄丸,半夏;麻黄,
http://www.tcm-classics.org/jingfang#Xiaxue_instance;http://www.tcm-classics.org/jingfang#XianxueHoubian_instance,http://www.tcm-classics.org/jingfang#Ximai_instance,,,下血病,,赤小豆当归散,赤小豆;当归,
http://www.tcm-classics.org/jingfang#Changyong_instance;http://www.tcm-classics.org/jingfang#ShenJiaCuo_instance;http://www.tcm-classics.org/jingfang#FupiJi_instance;http://www.tcm-classics.org/jingfang#AnzhiRuRuZhongzhuang_instance;http://www.tcm-classics.org/jingfang#Wujiju_instance;http://www.tcm-classics.org/jingfang#ShenWure_instance;http://www.tcm-classics.org/jingfang#Maishu_instance,http://www.tcm-classics.org/jingfang#Shumai_instance,,,肠痈病,,薏苡附子败酱散,薏苡仁;附子;败酱草,
http://www.tcm-classics.org/jingfang#Changyong_instance;http://www.tcm-classics.org/jingfang#ShaofuZhongpi_instance;http://www.tcm-classics.org/jingfang#AnzhiJitongRulin_instance;http://www.tcm-classics.org/jingfang#XiaobianZidiao_instance;http://www.tcm-classics.org/jingfang#ShishiFare_instance;http://www.tcm-classics.org/jingfang#Zihanchu_instance;http://www.tcm-classics.org/jingfang#FuEhan_instance;http://www.tcm-classics.org/jingfang#MaiChijin_instance,http://www.tcm-classics.org/jingfang#Chijinmai_instance,,,肠痈病,,大黄牡丹汤,大黄;牡丹;桃仁;冬瓜子;芒硝,
http://www.tcm-classics.org/jingfang#Jinchuang_instance,http://www.tcm-classics.org/jingfang#Fumai_instance,,,金疮病,,王不留行散,王不留行;蒴藋细叶;桑东南根白皮;甘草;川椒;黄芩;干姜;芍药;厚朴,
http://www.tcm-classics.org/jingfang#Jinchuang_instance,http://www.tcm-classics.org/jingfang#Fumai_instance,,,金疮病,,排脓散,枳实;芍药;桔梗,
http://www.tcm-classics.org/jingfang#Jinchuang_instance,http://www.tcm-classics.org/jingfang#Fumai_instance,,,金疮病,,排脓汤,甘草;桔梗;生姜;大枣,
http://www.tcm-classics.org/jingfang#Zhuanjin_instance;http://www.tcm-classics.org/jingfang#RenBijiaoZhi_instance;http://www.tcm-classics.org/jingfang#MaiShangxiuxing_instance,http://www.tcm-classics.org/jingfang#Weixianmai_instance,,,转筋病,,鸡屎白散,鸡屎白,
http://www.tcm-classics.org/jingfang#Yinhushan_instance;http://www.tcm-classics.org/jingfang#PianYouXiaoda_instance;http://www.tcm-classics.org/jingfang#ShishiShangxia_instance,http://www.tcm-classics.org/jingfang#Xianmai_instance,,,阴狐疝病,,蜘蛛散,蜘蛛;桂枝,
http://www.tcm-classics.org/jingfang#Huichong_instance;http://www.tcm-classics.org/jingfang#Tuxian_instance;http://www.tcm-classics.org/jingfang#XintongFazuoYoushi_instance,http://www.tcm-classics.org/jingfang#Xianmai_instance,,,蛔虫病,,甘草粉蜜汤,甘草;粉;蜜,
http://www.tcm-classics.org/jingfang#FurenSuYouZhengjia_instance;http://www.tcm-classics.org/jingfang#JingduanWeijiSanyue_instance;http://www.tcm-classics.org/jingfang#LouxiaBuzhi_instance;http://www.tcm-classics.org/jingfang#TaidongZaiQishang_instance,http://www.tcm-classics.org/jingfang#Chenxianmai_instance,,,妊娠病,,桂枝茯苓丸,桂枝;茯苓;牡丹;桃仁;芍药,
http://www.tcm-classics.org/jingfang#FurenLouxia_instance;http://www.tcm-classics.org/jingfang#BanchanHouXiaxueBuduan_instance;http://www.tcm-classics.org/jingfang#RenshenXiaxue_instance,http://www.tcm-classics.org/jingfang#Xumai_instance,,,妊娠病,,胶艾汤,川芎;阿胶;甘草;艾叶;当归;芍药;干地黄,
http://www.tcm-classics.org/jingfang#FurenHuaishen_instance;http://www.tcm-classics.org/jingfang#FuzhongJitong_instance,http://www.tcm-classics.org/jingfang#Xianmai_instance,,,妊娠病,,当归芍药散,当归;芍药;茯苓;白术;泽泻;川芎,
http://www.tcm-classics.org/jingfang#RenshenOutuBuzhi_instance,http://www.tcm-classics.org/jingfang#Xumai_instance,,,妊娠病,,干姜人参半夏丸,干姜;人参;半夏,
http://www.tcm-classics.org/jingfang#RenshenXiaobianNan_instance;http://www.tcm-classics.org/jingfang#YinshiRugu_instance,http://www.tcm-classics.org/jingfang#Xumai_instance,,,妊娠病,,当归贝母苦参丸,当归;贝母;苦参,
http://www.tcm-classics.org/jingfang#RenshenYoushuiqi_instance;http://www.tcm-classics.org/jingfang#Shenzhong_instance;http://www.tcm-classics.org/jingfang#XiaobianBuli_instance;http://www.tcm-classics.org/jingfang#SasaEhan_instance;http://www.tcm-classics.org/jingfang#QiZeTouxuan_instance,http://www.tcm-classics.org/jingfang#Fumai_instance,,,妊娠病,,葵子茯苓散,葵子;茯苓,
http://www.tcm-classics.org/jingfang#Renshen_instance;http://www.tcm-classics.org/jingfang#Yichangfu_instance,http://www.tcm-classics.org/jingfang#Xumai_instance,,,妊娠病,,当归散,当归;黄芩;芍药;川芎;白术,
http://www.tcm-classics.org/jingfang#RenshenYangtai_instance,http://www.tcm-classics.org/jingfang#Xumai_instance,,,妊娠病,,白术散,白术;川芎;蜀椒;牡蛎,
http://www.tcm-classics.org/jingfang#ChanhouFutong_instance;http://www.tcm-classics.org/jingfang#FanmanBudewo_instance,http://www.tcm-classics.org/jingfang#Xianmai_instance,,,产后病,,枳实芍药散,枳实;芍药,
http://www.tcm-classics.org/jingfang#ChanfuFutong_instance;http://www.tcm-classics.org/jingfang#FuzhongYouGanxue_instance,http://www.tcm-classics.org/jingfang#Chenxianmai_instance,,,产后病,,下瘀血汤,大黄;桃仁;蟅虫,
http://www.tcm-classics.org/jingfang#ChanhouZhongfeng_instance;http://www.tcm-classics.org/jingfang#Fare_instance;http://www.tcm-classics.org/jingfang#MianZhengChi_instance;http://www.tcm-classics.org/jingfang#Chuan_instance;http://www.tcm-classics.org/jingfang#Toutong_instance,http://www.tcm-classics.org/jingfang#Fumai_instance,,,产后病,,竹叶汤,竹叶;葛根;防风;桔梗;桂枝;人参;甘草;附子;大枣;生姜,
http://www.tcm-classics.org/jingfang#FurenRuzhongxu_instance;http://www.tcm-classics.org/jingfang#FanluanOuni_instance,http://www.tcm-classics.org/jingfang#Xumai_instance,,,产后病,,竹皮大丸,生竹茹;石膏;桂枝;甘草;白薇,
http://www.tcm-classics.org/jingfang#ChanhouXialiXuji_instance,http://www.tcm-classics.org/jingfang#Xumai_instance,,,产后病,,白头翁加甘草阿胶汤,白头翁;甘草;阿胶;秦皮;黄连;黄柏,
http://www.tcm-classics.org/jingfang#FurenYanzhongRuYouZhilian_instance,http://www.tcm-classics.org/jingfang#Xianmai_instance,,,妇人杂病,,半夏厚朴汤,半夏;厚朴;茯苓;生姜;苏叶,
http://www.tcm-classics.org/jingfang#FurenZangzao_instance;http://www.tcm-classics.org/jingfang#XibeishangYuku_instance;http://www.tcm-classics.org/jingfang#XiangruShenlingSuozuo_instance;http://www.tcm-classics.org/jingfang#ShuQianshen_instance,http://www.tcm-classics.org/jingfang#Xumai_instance,,,妇人杂病,,甘麦大枣汤,甘草;小麦;大枣,
http://www.tcm-classics.org/jingfang#FurenNianWushiSuo_instance;http://www.tcm-classics.org/jingfang#BingXialiShushiriBuzhi_instance;http://www.tcm-classics.org/jingfang#MuJiFare_instance;http://www.tcm-classics.org/jingfang#ShaofuLiji_instance;http://www.tcm-classics.org/jingfang#Fuman_instance;http://www.tcm-classics.org/jingfang#ShouzhangFanre_instance;http://www.tcm-classics.org/jingfang#ChunkouGanzao_instance,http://www.tcm-classics.org/jingfang#Xumai_instance,,,妇人杂病,,温经汤,吴茱萸;当归;川芎;芍药;人参;桂枝;阿胶;牡丹皮;生姜;甘草;半夏;麦门冬,
http://www.tcm-classics.org/jingfang#Daixia_instance;http://www.tcm-classics.org/jingfang#JingshuiBuli_instance;http://www.tcm-classics.org/jingfang#ShaofuMantong_instance;http://www.tcm-classics.org/jingfang#JingYiyueZaijian_instance,http://www.tcm-classics.org/jingfang#Chenxianmai_instance,,,妇人杂病,,土瓜根散,土瓜根;芍药;桂枝;蟅虫,
http://www.tcm-classics.org/jingfang#FurenShaofuManRuDunzhuang_instance;http://www.tcm-classics.org/jingfang#XiaobianWeinanErBuke_instance;http://www.tcm-classics.org/jingfang#ShengHouzhe_instance,http://www.tcm-classics.org/jingfang#Chenxianmai_instance,,,妇人杂病,,大黄甘遂汤,大黄;甘遂;阿胶,
http://www.tcm-classics.org/jingfang#FurenYinhan_instance,http://www.tcm-classics.org/jingfang#Chenximai_instance,,,妇人杂病,,蛇床子散,蛇床子仁,
http://www.tcm-classics.org/jingfang#ShaoyinMaiHuaErShu_instance;http://www.tcm-classics.org/jingfang#YinzhongJishengchuang_instance;http://www.tcm-classics.org/jingfang#YinzhongShichuangLanzhe_instance,http://www.tcm-classics.org/jingfang#Huashumai_instance,,,妇人杂病,,狼牙汤,狼牙,
http://www.tcm-classics.org/jingfang#FareEhan_instance;http://www.tcm-classics.org/jingfang#RemianRe_instance,http://www.tcm-classics.org/jingfang#Weimai_instance,,,太阳病,,桂枝二越婢一汤,桂枝;芍药;麻黄;甘草;大枣;生姜;石膏,
http://www.tcm-classics.org/jingfang#Toutong_instance;http://www.tcm-classics.org/jingfang#Fare_instance;http://www.tcm-classics.org/jingfang#Wuhan_instance;http://www.tcm-classics.org/jingfang#XinxiaMan_instance;http://www.tcm-classics.org/jingfang#XiaobianBuli_instance,http://www.tcm-classics.org/jingfang#Fumai_instance,,,太阳病,,桂枝去桂加茯苓白术汤,芍药;甘草;生姜;白术;茯苓;大枣,
http://www.tcm-classics.org/jingfang#Jiaoluanji_instance,http://www.tcm-classics.org/jingfang#Xianmai_instance,,,太阳病,,芍药甘草汤,芍药;甘草,
http://www.tcm-classics.org/jingfang#Ehan_instance;http://www.tcm-classics.org/jingfang#Hanchu_instance,http://www.tcm-classics.org/jingfang#Weimai_instance,,,太阳病,,芍药甘草附子汤,芍药;甘草;附子,
http://www.tcm-classics.org/jingfang#Fanzao_instance;http://www.tcm-classics.org/jingfang#Sini_instance,http://www.tcm-classics.org/jingfang#Weimai_instance,,,太阳病,,茯苓四逆汤,茯苓;人参;附子;甘草;干姜,
http://www.tcm-classics.org/jingfang#Fanzao_instance;http://www.tcm-classics.org/jingfang#BudeMian_instance,http://www.tcm-classics.org/jingfang#Chenweimai_instance,,,太阳病,,干姜附子汤,干姜;附子,
http://www.tcm-classics.org/jingfang#XinxiaJi_instance;http://www.tcm-classics.org/jingfang#Yudean_instance,http://www.tcm-classics.org/jingfang#Fumai_instance,,,太阳病,,桂枝甘草汤,桂枝;甘草,
http://www.tcm-classics.org/jingfang#Fanzao_instance,http://www.tcm-classics.org/jingfang#Fumai_instance,,,太阳病,,桂枝甘草龙骨牡蛎汤,桂枝;甘草;龙骨;牡蛎,
http://www.tcm-classics.org/jingfang#XinxiaPi_instance;http://www.tcm-classics.org/jingfang#AnzhiRu_instance,http://www.tcm-classics.org/jingfang#Fumai_instance,,,太阳病,,大黄黄连泻心汤,大黄;黄连,
http://www.tcm-classics.org/jingfang#XinxiaPi_instance;http://www.tcm-classics.org/jingfang#Ehan_instance;http://www.tcm-classics.org/jingfang#Hanchu_instance,http://www.tcm-classics.org/jingfang#Fumai_instance,,,太阳病,,附子泻心汤,大黄;黄连;黄芩;附子,
http://www.tcm-classics.org/jingfang#Ehan_instance;http://www.tcm-classics.org/jingfang#DanYuMei_instance,http://www.tcm-classics.org/jingfang#Chenmai_instance,,,少阴病,,麻黄附子甘草汤,麻黄;附子;甘草,
http://www.tcm-classics.org/jingfang#Yantong_instance,http://www.tcm-classics.org/jingfang#Fumai_instance,,,少阴病,,半夏散及汤,半夏;桂枝;甘草,
http://www.tcm-classics.org/jingfang#YanzhongShengchuang_instance;http://www.tcm-classics.org/jingfang#BunengYanyu_instance,http://www.tcm-classics.org/jingfang#Fumai_instance,,,少阴病,,苦酒汤,半夏;鸡子;苦酒,
http://www.tcm-classics.org/jingfang#Xiali_instance;http://www.tcm-classics.org/jingfang#Jueni_instance;http://www.tcm-classics.org/jingfang#Ganou_instance;http://www.tcm-classics.org/jingfang#Fan_instance,http://www.tcm-classics.org/jingfang#Weimai_instance,,,少阴病,,白通加猪胆汁汤,葱白;干姜;附子;人尿;猪胆汁,
http://www.tcm-classics.org/jingfang#Hanchu_instance;http://www.tcm-classics.org/jingfang#SizhiJuji_instance;http://www.tcm-classics.org/jingfang#Jueni_instance,http://www.tcm-classics.org/jingfang#Weimai_instance,,,少阴病,,通脉四逆加猪胆汁汤,附子;干姜;甘草;猪胆汁,
http://www.tcm-classics.org/jingfang#Ehan_instance;http://www.tcm-classics.org/jingfang#Xiali_instance;http://www.tcm-classics.org/jingfang#DanYuMei_instance,http://www.tcm-classics.org/jingfang#Weimai_instance,,,少阴病,,四逆加人参汤,附子;干姜;甘草;人参,
http://www.tcm-classics.org/jingfang#Fuman_instance;http://www.tcm-classics.org/jingfang#Shitong_instance,http://www.tcm-classics.org/jingfang#Chenshimai_instance,,,太阴病,,桂枝加大黄汤,桂枝;芍药;甘草;生姜;大枣;大黄,
http://www.tcm-classics.org/jingfang#Kouku_instance;http://www.tcm-classics.org/jingfang#XiaobianChi_instance;http://www.tcm-classics.org/jingfang#XinzhongFan_instance,http://www.tcm-classics.org/jingfang#Weishumai_instance,,,百合病,,百合知母汤,百合;知母,
http://www.tcm-classics.org/jingfang#Kouku_instance;http://www.tcm-classics.org/jingfang#XiaobianChi_instance;http://www.tcm-classics.org/jingfang#XiaobianBuli_instance;http://www.tcm-classics.org/jingfang#XinzhongFan_instance,http://www.tcm-classics.org/jingfang#Weishumai_instance,,,百合病,,滑石代赭汤,百合;滑石;代赭石,
http://www.tcm-classics.org/jingfang#Kouku_instance;http://www.tcm-classics.org/jingfang#XiaobianChi_instance;http://www.tcm-classics.org/jingfang#XinzhongFan_instance,http://www.tcm-classics.org/jingfang#Weishumai_instance,,,百合病,,百合鸡子汤,百合;鸡子黄,
http://www.tcm-classics.org/jingfang#Kouke_instance,http://www.tcm-classics.org/jingfang#Weishumai_instance,,,百合病,,百合洗方,百合,
http://www.tcm-classics.org/jingfang#Kouke_instance,http://www.tcm-classics.org/jingfang#Weishumai_instance,,,百合病,,瓜蒌牡蛎散,瓜蒌根;牡蛎,
http://www.tcm-classics.org/jingfang#Fare_instance,http://www.tcm-classics.org/jingfang#Weishumai_instance,,,百合病,,百合滑石散,百合;滑石,
http://www.tcm-classics.org/jingfang#DanreBuhan_instance;http://www.tcm-classics.org/jingfang#Gujietengfan_instance;http://www.tcm-classics.org/jingfang#Ou_instance,http://www.tcm-classics.org/jingfang#Pingmai_instance,,,疟病,,白虎加桂枝汤,石膏;知母;甘草;粳米;桂枝,
http://www.tcm-classics.org/jingfang#Duohan_instance;http://www.tcm-classics.org/jingfang#Fahan_instance,http://www.tcm-classics.org/jingfang#Xianmai_instance,,,疟病,,蜀漆散,蜀漆;云母;龙骨,
http://www.tcm-classics.org/jingfang#Kesou_instance;http://www.tcm-classics.org/jingfang#KeErBuDeWo_instance,http://www.tcm-classics.org/jingfang#Fumai_instance,,,咳嗽上气病,,厚朴麻黄汤,厚朴;麻黄;石膏;杏仁;半夏;干姜;细辛;小麦;五味子,
http://www.tcm-classics.org/jingfang#Kesou_instance;http://www.tcm-classics.org/jingfang#Chuan_instance,http://www.tcm-classics.org/jingfang#Chenmai_instance,,,咳嗽上气病,,泽漆汤,泽漆;半夏;紫参;生姜;白前;甘草;黄芩;人参;桂枝,
http://www.tcm-classics.org/jingfang#Kesou_instance;http://www.tcm-classics.org/jingfang#Chuan_instance,http://www.tcm-classics.org/jingfang#MuRuTuo_instance,http://www.tcm-classics.org/jingfang#Fudamai_instance,,,肺胀病,,越婢加半夏汤,麻黄;石膏;生姜;甘草;大枣;半夏,
http://www.tcm-classics.org/jingfang#Kesou_instance;http://www.tcm-classics.org/jingfang#Chuan_instance;http://www.tcm-classics.org/jingfang#Fanzao_instance;http://www.tcm-classics.org/jingfang#XinxiaYoushui_instance,http://www.tcm-classics.org/jingfang#Fumai_instance,,,肺胀病,,小青龙加石膏汤,麻黄;桂枝;芍药;细辛;干姜;甘草;五味子;半夏;石膏,
http://www.tcm-classics.org/jingfang#ShiYiJiTu_instance,http://www.tcm-classics.org/jingfang#Xianmai_instance,,,呕吐哕下利病,,大黄甘草汤,大黄;甘草,
http://www.tcm-classics.org/jingfang#Outu_instance;http://www.tcm-classics.org/jingfang#Kouke_instance;http://www.tcm-classics.org/jingfang#YuYinshui_instance,http://www.tcm-classics.org/jingfang#Fumai_instance,,,呕吐哕下利病,,茯苓泽泻汤,茯苓;泽泻;甘草;桂枝;白术;生姜,
http://www.tcm-classics.org/jingfang#Outu_instance;http://www.tcm-classics.org/jingfang#Kouke_instance;http://www.tcm-classics.org/jingfang#Yinshui_instance;http://www.tcm-classics.org/jingfang#Toutong_instance,http://www.tcm-classics.org/jingfang#Jinmai_instance,,,呕吐哕下利病,,文蛤汤,文蛤;麻黄;甘草;生姜;石膏;杏仁;大枣,
http://www.tcm-classics.org/jingfang#Ganou_instance;http://www.tcm-classics.org/jingfang#Tuxianmo_instance,http://www.tcm-classics.org/jingfang#Xianmai_instance,,,呕吐哕下利病,,半夏干姜散,半夏;干姜,
http://www.tcm-classics.org/jingfang#XiongzhongKuiKui_instance,http://www.tcm-classics.org/jingfang#Xianmai_instance,,,呕吐哕下利病,,生姜半夏汤,半夏;生姜,
http://www.tcm-classics.org/jingfang#Ganou_instance;http://www.tcm-classics.org/jingfang#Yueni_instance;http://www.tcm-classics.org/jingfang#ShouzuJue_instance,http://www.tcm-classics.org/jingfang#Xianmai_instance,,,呕吐哕下利病,,橘皮汤,橘皮;生姜,
http://www.tcm-classics.org/jingfang#Xiali_instance;http://www.tcm-classics.org/jingfang#Feitong_instance,http://www.tcm-classics.org/jingfang#Chenmai_instance,,,呕吐哕下利病,,紫参汤,紫参;甘草,
http://www.tcm-classics.org/jingfang#Qili_instance,http://www.tcm-classics.org/jingfang#Chenmai_instance,,,呕吐哕下利病,,诃梨勒散,诃梨勒,
http://www.tcm-classics.org/jingfang#Dabianying_instance;http://www.tcm-classics.org/jingfang#XiaobianZili_instance,,,,阳明病,,蜜煎导方,食蜜,
http://www.tcm-classics.org/jingfang#Dabianying_instance;http://www.tcm-classics.org/jingfang#XiaobianZili_instance,,,,阳明病,,猪胆汁方,大猪胆汁;法醋,
http://www.tcm-classics.org/jingfang#ShaofuMan_instance;http://www.tcm-classics.org/jingfang#XiaobianZili_instance,http://www.tcm-classics.org/jingfang#ChenJiemai_instance,,,太阳病,,抵当丸,水蛭;虻虫;桃仁;大黄,
http://www.tcm-classics.org/jingfang#Shenretengzhong_instance;http://www.tcm-classics.org/jingfang#Ehan_instance,http://www.tcm-classics.org/jingfang#Weimai_instance,,,太阳中暍,,一物瓜蒂汤,瓜蒂,
http://www.tcm-classics.org/jingfang#Yangan_instance;http://www.tcm-classics.org/jingfang#YinzhongShichuang_instance,,,,狐惑病,,苦参汤,苦参,
http://www.tcm-classics.org/jingfang#YinzhongShichuang_instance,,,,狐惑病,,雄黄熏方,雄黄,
http://www.tcm-classics.org/jingfang#MianmuQing_instance;http://www.tcm-classics.org/jingfang#Shentongrupiang_instance,,,,阴阳毒,,升麻鳖甲去雄黄蜀椒汤,升麻;鳖甲;当归;甘草,
http://www.tcm-classics.org/jingfang#Fahan_instance;http://www.tcm-classics.org/jingfang#Duohan_instance,,,,疟病,,牡蛎汤,牡蛎;麻黄;甘草;蜀漆,
http://www.tcm-classics.org/jingfang#Fake_instance;http://www.tcm-classics.org/jingfang#WanglaiHanre_instance,,,,疟病,,柴胡去半夏加栝蒌汤,柴胡;黄芩;人参;甘草;生姜;大枣;栝蒌根,
http://www.tcm-classics.org/jingfang#Toufeng_instance,,,,中风病,,头风摩散,大附子;盐,
http://www.tcm-classics.org/jingfang#JiaoqiChongxin_instance,,,,中风病,,矾石汤,矾石,
http://www.tcm-classics.org/jingfang#Shentibunengzishouchi_instance;http://www.tcm-classics.org/jingfang#KoujinBunengYan_instance,,,,中风病,,续命汤,麻黄;桂枝;当归;人参;石膏;干姜;甘草;川芎;杏仁,
http://www.tcm-classics.org/jingfang#ShouzuJuji_instance;http://www.tcm-classics.org/jingfang#Baijietengtong_instance,,,,中风病,,三黄汤,麻黄;独活;细辛;黄芪;黄芩,
http://www.tcm-classics.org/jingfang#Touzhongxuan_instance;http://www.tcm-classics.org/jingfang#Kujizhiyuandi_instance,,,,中风病,,术附汤,白术;附子;甘草;生姜;大枣,
http://www.tcm-classics.org/jingfang#Shijing_instance;http://www.tcm-classics.org/jingfang#YaoxiLengtong_instance,,,,虚劳病,,天雄散,天雄;白术;桂枝;龙骨,
http://www.tcm-classics.org/jingfang#Xulaoliji_instance;http://www.tcm-classics.org/jingfang#FuzhongJitong_instance;http://www.tcm-classics.org/jingfang#MianseWuHua_instance,,,,虚劳病,,黄芪建中汤,黄芪;桂枝;芍药;甘草;生姜;大枣;饴糖,
http://www.tcm-classics.org/jingfang#Kenishangqi_instance;http://www.tcm-classics.org/jingfang#Shishituzhuo_instance,,,,肺痿肺痈咳嗽上气病,,皂荚丸,皂荚,
http://www.tcm-classics.org/jingfang#Keyouweire_instance;http://www.tcm-classics.org/jingfang#Fanman_instance;http://www.tcm-classics.org/jingfang#Xiongzhongjiacuo_instance,,,,肺痈病,,千金苇茎汤,苇茎;薏苡仁;桃仁;瓜瓣,
http://www.tcm-classics.org/jingfang#Outuerbingzaigeshang_instance;http://www.tcm-classics.org/jingfang#Housishui_instance,http://www.tcm-classics.org/jingfang#Fumai_instance,,,呕吐哕下利病,,猪苓散,猪苓;茯苓;白术,
http://www.tcm-classics.org/jingfang#Jinyinchung_instance,,,,疮痈肠痈浸淫病,,黄连粉,黄连,
http://www.tcm-classics.org/jingfang#Jingshuibibuli_instance;http://www.tcm-classics.org/jingfang#Zangjianpibuzhi_instance;http://www.tcm-classics.org/jingfang#Xiabaiwu_instance,,,,妇人杂病,,矾石丸,矾石;杏仁,
http://www.tcm-classics.org/jingfang#Fuzhongxueqicitong_instance,,,,妇人杂病,,红蓝花酒,红蓝花;酒,
http://www.tcm-classics.org/jingfang#Outu_instance,,,,呕吐哕下利病,,大半夏汤,半夏;人参;白蜜,
,,,,阴阳易差后劳复病,,烧裈散,妇人中裈近隐处烧灰,
,,,,胸痹心痛短气病,,九痛丸,附子;生狼牙;巴豆;人参;干姜;吴茱萸,
,,,,痰饮病,,外台茯苓饮,茯苓;人参;白术;枳实;橘皮;生姜,
http://www.tcm-classics.org/jingfang#Toutong_instance;http://www.tcm-classics.org/jingfang#SizhiKufanre_instance;http://www.tcm-classics.org/jingfang#Butong_instance,,,,妇人产后病,,三物黄芩汤,黄芩;苦参;干地黄,
http://www.tcm-classics.org/jingfang#FuzhongCitong_instance;http://www.tcm-classics.org/jingfang#XixiShaoqi_instance;http://www.tcm-classics.org/jingfang#ShaofuJimoTong_instance;http://www.tcm-classics.org/jingfang#Yinyaobeitong_instance;http://www.tcm-classics.org/jingfang#BunengYinshi_instance,,,,妇人产后病,,内补当归建中汤,当归;桂枝;芍药;生姜;甘草;大枣;饴糖,
http://www.tcm-classics.org/jingfang#Yachong_instance,,,,小儿疳虫蚀齿,,小儿疳虫蚀齿方,雄黄;葶苈,